ID,ism,yosh,jins,TelefonRaqami,TashrifID,kirish_vaqti,chiqish_vaqti,maqsad

1,Noel Maine,53,Female,919-341-6796,103,5/1/2025 19:30,5/1/2025 06:16,Service
2,Olva Gready,28,Female,373-578-3647,103,5/1/2025 14:52,5/1/2025 06:53,View new car
3,Julita Dreakin,81,Female,523-173-3481,101,5/1/2025 13:00,5/1/2025 01:23,View new car
4,Ira Quin,42,Male,492-993-3132,102,5/1/2025 13:18,5/1/2025 13:22,Paperwork
5,Matias Kapiloff,24,Male,715-533-6854,102,5/1/2025 23:01,5/1/2025 00:33,Paperwork
6,Marillin Denyer,39,Female,203-978-5823,102,5/1/2025 16:34,5/1/2025 01:17,Paperwork
7,Northrup Ramas,73,Male,456-915-3251,101,5/1/2025 13:34,5/1/2025 08:39,Paperwork
8,Donaugh Bold,93,Male,723-698-8867,102,5/1/2025 01:33,5/1/2025 14:53,View new car
9,Leda Overstreet,67,Female,540-104-2946,104,5/1/2025 01:49,5/1/2025 00:44,Service
10,Emanuele Kaveney,46,Male,828-357-2408,104,5/1/2025 19:17,5/1/2025 01:02,Test drive
11,Betsey Buckenham,46,Female,767-228-7914,103,5/1/2025 17:32,5/1/2025 20:20,Test drive
12,Kelcie Houldey,71,Female,934-143-2842,103,5/1/2025 22:17,5/1/2025 05:21,Paperwork
13,Jarret Clerke,64,Male,897-371-2256,102,5/1/2025 07:47,5/1/2025 18:41,Service
14,Early Lamkin,63,Male,253-190-6218,101,5/1/2025 09:52,5/1/2025 00:17,View new car
15,Julianne McInteer,61,Female,762-274-9815,104,5/1/2025 07:19,5/1/2025 18:55,Service
16,Karyn Gouny,18,Female,106-389-2062,102,5/1/2025 04:16,5/1/2025 22:18,Service
17,Farlie Demcik,89,Male,271-118-2468,102,5/1/2025 07:01,5/1/2025 06:36,Paperwork
18,Victor Osipenko,94,Male,208-216-1872,101,5/1/2025 01:56,5/1/2025 18:15,View new car
19,Zed Bedford,35,Male,185-917-3067,103,5/1/2025 06:44,5/1/2025 08:20,View new car
20,Edwina Kerner,41,Female,686-519-1493,101,5/1/2025 17:09,5/1/2025 10:47,View new car
21,Yorke Betjeman,68,Male,300-810-2742,104,5/1/2025 01:19,5/1/2025 14:21,Paperwork
22,Meier Hewlings,59,Male,787-416-9155,102,5/1/2025 23:45,5/1/2025 21:22,View new car
23,Torey Wheaton,93,Female,617-279-9743,104,5/1/2025 19:24,5/1/2025 06:37,View new car
24,Raddie Gunthorpe,40,Male,490-999-3719,104,5/1/2025 11:41,5/1/2025 12:25,Service
25,Lindi Stiegar,85,Female,817-878-7386,102,5/1/2025 00:44,5/1/2025 13:20,Paperwork
26,Ruby Schanke,85,Male,991-406-7193,102,5/1/2025 20:19,5/1/2025 14:57,Service
27,Robinett Dooland,25,Female,273-753-8189,103,5/1/2025 03:54,5/1/2025 14:50,Test drive
28,Arel Ziemke,97,Male,756-196-7794,103,5/1/2025 07:27,5/1/2025 15:44,Service
29,Coralie Jump,74,Female,157-365-3663,103,5/1/2025 05:34,5/1/2025 00:26,View new car
30,Tomasina Jutson,37,Female,271-586-4190,102,5/1/2025 02:53,5/1/2025 12:00,Test drive
31,Laverna Heatlie,87,Female,328-537-8889,103,5/1/2025 00:45,5/1/2025 09:47,Service
32,Ulysses Luckcuck,86,Male,279-425-0610,101,5/1/2025 04:23,5/1/2025 18:53,Test drive
33,Crawford Fray,53,Male,962-170-6943,101,5/1/2025 07:14,5/1/2025 11:45,Test drive
34,Peyton Haliburton,46,Male,482-937-7053,101,5/1/2025 18:27,5/1/2025 04:25,View new car
35,Jamill Ripon,44,Male,847-910-5308,103,5/1/2025 22:29,5/1/2025 22:49,Service
36,Saree Pigney,58,Female,384-621-8619,101,5/1/2025 13:14,5/1/2025 05:06,Paperwork
37,Morgan Drayton,79,Male,436-684-3682,104,5/1/2025 00:46,5/1/2025 23:42,Test drive
38,Bartolemo Raddish,39,Male,590-415-1593,104,5/1/2025 01:48,5/1/2025 09:06,Paperwork
39,Kizzee Hellings,45,Female,404-291-9265,103,5/1/2025 02:47,5/1/2025 09:11,Service
40,Trey Jiggen,43,Male,567-370-3898,104,5/1/2025 00:04,5/1/2025 22:17,View new car
41,Kati Hellis,39,Female,663-774-9017,103,5/1/2025 18:26,5/1/2025 20:10,Service
42,Viviana Janosevic,97,Female,195-453-0142,102,5/1/2025 04:50,5/1/2025 21:15,Paperwork
43,Lucais Yokelman,98,Male,923-924-5569,101,5/1/2025 05:50,5/1/2025 12:37,Service
44,Hazlett Coffee,30,Male,924-885-7112,104,5/1/2025 07:43,5/1/2025 18:37,View new car
45,Aharon Boosey,35,Male,104-988-3823,103,5/1/2025 23:41,5/1/2025 11:50,Paperwork
46,Jorie Brignell,99,Female,900-774-9438,103,5/1/2025 12:44,5/1/2025 20:43,Test drive
47,Kinna Coumbe,49,Female,247-439-1948,104,5/1/2025 07:34,5/1/2025 09:31,Test drive
48,Chlo Wimms,26,Female,602-141-2180,101,5/1/2025 18:24,5/1/2025 13:11,Test drive
49,Maegan Snewin,33,Female,690-149-0029,104,5/1/2025 01:31,5/1/2025 18:13,View new car
50,Carlyle Boodell,23,Male,152-644-6709,101,5/1/2025 10:18,5/1/2025 03:33,Service
51,Victoir Girkins,23,Male,452-741-3764,101,5/1/2025 09:36,5/1/2025 10:15,View new car
52,Beau O'Gready,87,Male,810-211-1546,101,5/1/2025 06:29,5/1/2025 07:59,Test drive
53,Alla Smurfit,34,Female,864-545-0038,103,5/1/2025 15:39,5/1/2025 20:24,Service
54,Noland Hagergham,92,Male,281-897-0069,102,5/1/2025 20:41,5/1/2025 20:37,Service
55,Aylmer Matteini,86,Male,505-500-2755,101,5/1/2025 12:07,5/1/2025 18:25,Service
56,Robenia Mogie,52,Female,759-779-9735,101,5/1/2025 02:13,5/1/2025 11:40,Test drive
57,Laurie Phillips,23,Female,781-340-8915,101,5/1/2025 07:10,5/1/2025 13:48,View new car
58,Corissa Woolaghan,41,Female,635-599-9486,102,5/1/2025 05:47,5/1/2025 01:43,Test drive
59,Filmer Coie,88,Male,167-301-4729,104,5/1/2025 17:18,5/1/2025 11:49,Service
60,Clio Christensen,72,Female,993-537-4804,104,5/1/2025 07:12,5/1/2025 13:32,Paperwork
61,Aurilia Salterne,56,Female,605-145-5782,103,5/1/2025 22:22,5/1/2025 06:02,Service
62,Clotilda Gashion,60,Female,138-827-4115,103,5/1/2025 06:21,5/1/2025 21:32,Service
63,Britta Cookney,46,Female,216-375-3655,103,5/1/2025 18:40,5/1/2025 23:27,Test drive
64,Lilia Poynton,32,Female,966-417-2652,104,5/1/2025 22:15,5/1/2025 09:44,Paperwork
65,Ivett O'Scannill,96,Female,864-754-5894,103,5/1/2025 20:22,5/1/2025 18:24,View new car
66,Reider Fliege,43,Male,391-876-3860,104,5/1/2025 16:14,5/1/2025 13:56,Paperwork
67,Rob Howels,75,Male,420-417-8736,101,5/1/2025 12:29,5/1/2025 01:43,View new car
68,Tybalt Deveraux,74,Male,105-867-7625,103,5/1/2025 16:47,5/1/2025 01:42,Service
69,Remington Keemar,22,Male,570-822-8818,101,5/1/2025 21:09,5/1/2025 11:05,Test drive
70,Cris Sawer,99,Male,494-258-0000,101,5/1/2025 09:29,5/1/2025 15:35,Paperwork
71,Fletch Grafton-Herbert,53,Male,657-984-1944,101,5/1/2025 12:22,5/1/2025 15:45,View new car
72,Elli Salliss,58,Female,573-310-5382,104,5/1/2025 14:06,5/1/2025 01:26,Paperwork
73,Cosme Rosenberger,28,Male,306-884-3107,104,5/1/2025 14:39,5/1/2025 14:04,View new car
74,Helsa Beekman,58,Female,288-161-9426,101,5/1/2025 10:13,5/1/2025 11:58,Test drive
75,Fey Pedrollo,22,Female,994-822-1054,102,5/1/2025 19:11,5/1/2025 20:34,Paperwork
76,Wendeline Clem,60,Female,750-695-2428,104,5/1/2025 20:49,5/1/2025 12:57,Service
77,Wit Greenacre,78,Male,586-261-8285,101,5/1/2025 00:41,5/1/2025 22:48,Service
78,Lana Vellden,58,Female,571-639-4813,103,5/1/2025 11:38,5/1/2025 21:43,Service
79,Laurette Laverack,80,Female,212-275-9980,103,5/1/2025 06:04,5/1/2025 03:09,Service
80,Jessalyn Grissett,47,Female,712-798-5473,102,5/1/2025 18:17,5/1/2025 01:37,Service
81,Nanci Degoe,42,Female,491-246-3147,101,5/1/2025 08:40,5/1/2025 19:54,Paperwork
82,Warren Scoterbosh,65,Male,727-159-1375,101,5/1/2025 18:50,5/1/2025 05:47,Paperwork
83,Sherilyn Lockhart,51,Female,497-655-5409,102,5/1/2025 09:52,5/1/2025 10:17,Service
84,Jeri Vondrys,62,Female,149-337-2604,102,5/1/2025 22:03,5/1/2025 01:02,Service
85,Rice Wickling,38,Male,193-249-0039,101,5/1/2025 23:19,5/1/2025 09:46,Test drive
86,Cordie Dempsey,23,Female,852-564-7756,102,5/1/2025 12:43,5/1/2025 16:37,Test drive
87,Alyce Kenrick,56,Female,268-560-3258,104,5/1/2025 23:58,5/1/2025 14:38,Paperwork
88,Alfred Barkus,77,Male,233-325-1668,103,5/1/2025 19:13,5/1/2025 16:52,Service
89,Vickie Dwane,66,Female,436-952-2742,102,5/1/2025 01:37,5/1/2025 08:38,Test drive
90,Patti Phelipeaux,85,Female,820-170-9347,103,5/1/2025 19:51,5/1/2025 11:22,Test drive
91,Giusto Guichard,50,Male,844-764-6178,103,5/1/2025 19:14,5/1/2025 20:15,View new car
92,Emili Mangon,27,Female,487-409-8712,101,5/1/2025 16:50,5/1/2025 03:52,Test drive
93,Basil Meachem,20,Male,409-606-0409,104,5/1/2025 21:56,5/1/2025 17:12,View new car
94,Ingeberg Redgewell,45,Female,494-449-9041,104,5/1/2025 20:34,5/1/2025 01:56,Service
95,Issie Smithen,53,Female,264-602-4085,104,5/1/2025 11:23,5/1/2025 00:28,Test drive
96,Nance Boosey,31,Female,939-753-4313,101,5/1/2025 18:23,5/1/2025 06:46,Service
97,Armin Bentjens,99,Male,278-795-0602,104,5/1/2025 20:43,5/1/2025 05:28,Paperwork
98,Aluino Bierling,51,Male,228-759-8947,101,5/1/2025 20:57,5/1/2025 16:15,View new car
99,Seward Lock,26,Male,142-275-3307,102,5/1/2025 01:02,5/1/2025 20:33,View new car
100,Tyler Osbaldeston,84,Male,681-362-6876,102,5/1/2025 03:35,5/1/2025 18:31,Test drive
101,Florenza Totaro,49,Female,206-609-6997,103,5/1/2025 04:34,5/1/2025 07:11,Service
102,Brigida Beddoes,88,Female,382-314-9143,104,5/1/2025 07:42,5/1/2025 09:37,Service
103,Stephen Cureton,92,Male,151-122-8364,103,5/1/2025 05:36,5/1/2025 11:46,Service
104,Teodoro Jendrach,45,Male,379-996-9736,103,5/1/2025 23:29,5/1/2025 04:35,View new car
105,Kipp Brittles,97,Male,406-143-4142,103,5/1/2025 15:31,5/1/2025 12:19,View new car
106,Nydia Dempster,80,Female,869-337-0623,101,5/1/2025 09:28,5/1/2025 08:08,Test drive
107,Sandro Penketh,28,Male,676-923-5138,104,5/1/2025 01:23,5/1/2025 05:03,Paperwork
108,Christian Ames,60,Female,892-530-2409,104,5/1/2025 21:38,5/1/2025 18:31,Paperwork
109,Henryetta Isac,66,Female,984-570-9868,101,5/1/2025 11:00,5/1/2025 05:46,Test drive
110,Theodore Hebbron,69,Male,483-623-7826,104,5/1/2025 12:24,5/1/2025 16:07,Paperwork
111,Patten Newark,89,Male,906-507-8470,103,5/1/2025 16:06,5/1/2025 20:17,View new car
112,Kliment Sugge,99,Male,501-422-5508,102,5/1/2025 02:28,5/1/2025 20:08,Test drive
113,Noel Muffen,48,Male,630-247-5549,103,5/1/2025 03:14,5/1/2025 04:21,View new car
114,Joell Haggarth,82,Female,227-477-2169,102,5/1/2025 00:46,5/1/2025 18:08,Service
115,Marty Pochet,86,Male,902-487-6299,103,5/1/2025 22:12,5/1/2025 18:11,Test drive
116,Meggi Blunn,65,Female,661-478-9102,102,5/1/2025 15:44,5/1/2025 10:13,Paperwork
117,Tamar Jelliman,68,Female,612-366-4780,104,5/1/2025 17:22,5/1/2025 11:40,View new car
118,Duncan Body,73,Male,421-878-0442,101,5/1/2025 05:17,5/1/2025 10:16,Paperwork
119,Daria Wondraschek,69,Female,364-110-7420,101,5/1/2025 05:07,5/1/2025 10:56,Paperwork
120,Laurel Goffe,43,Female,966-364-8134,103,5/1/2025 00:19,5/1/2025 13:31,View new car
121,Pier Steedman,86,Female,319-109-2975,101,5/1/2025 09:44,5/1/2025 06:43,View new car
122,Bidget Brocket,35,Female,746-360-5220,103,5/1/2025 12:18,5/1/2025 07:05,View new car
123,Angil Reeders,19,Female,230-739-3041,104,5/1/2025 23:28,5/1/2025 17:15,View new car
124,Melanie Antill,44,Female,682-128-8682,101,5/1/2025 01:58,5/1/2025 07:00,Paperwork
125,Clemmy Roskell,39,Female,108-218-8961,104,5/1/2025 18:05,5/1/2025 01:26,View new car
126,Dom Larn,65,Male,358-699-4985,104,5/1/2025 16:13,5/1/2025 08:40,Service
127,Killian Maevela,28,Male,787-661-9169,102,5/1/2025 12:48,5/1/2025 11:44,Paperwork
128,Lorin Crippen,61,Male,980-138-6958,102,5/1/2025 08:02,5/1/2025 11:09,Test drive
129,Sallee Brokenshaw,38,Female,682-147-9838,104,5/1/2025 23:03,5/1/2025 02:48,View new car
130,Archambault Bridgestock,37,Male,904-906-2394,102,5/1/2025 15:05,5/1/2025 12:58,Test drive
131,Hobey Neesam,39,Male,447-439-8568,101,5/1/2025 09:15,5/1/2025 20:21,Service
132,Imogen Birkbeck,91,Female,399-412-8900,103,5/1/2025 00:54,5/1/2025 20:01,Paperwork
133,Jaimie Allgood,79,Male,327-682-8345,104,5/1/2025 21:24,5/1/2025 05:01,Test drive
134,Fitz Olek,24,Male,313-294-6789,102,5/1/2025 19:07,5/1/2025 10:28,Test drive
135,Christie Bamlett,68,Female,808-652-5074,101,5/1/2025 07:17,5/1/2025 03:48,View new car
136,Vanya Raynham,18,Male,415-992-4443,103,5/1/2025 11:45,5/1/2025 00:42,View new car
137,Jacquelyn Langdale,55,Female,107-694-4409,103,5/1/2025 10:42,5/1/2025 10:30,Test drive
138,Ryun Sargant,20,Male,456-656-3575,103,5/1/2025 03:39,5/1/2025 19:01,Service
139,Garwood Faust,66,Male,836-528-0059,102,5/1/2025 01:19,5/1/2025 23:59,Paperwork
140,Janey Musker,78,Female,737-904-1022,104,5/1/2025 04:39,5/1/2025 18:52,Paperwork
141,Robby Vynehall,72,Male,476-816-5674,104,5/1/2025 00:39,5/1/2025 03:42,Service
142,Amie McCardle,55,Female,719-654-3785,101,5/1/2025 04:25,5/1/2025 09:18,View new car
143,Penelope Lightbourne,27,Female,687-355-6235,101,5/1/2025 23:36,5/1/2025 02:51,View new car
144,Bertie MacGauhy,100,Female,599-144-1568,101,5/1/2025 16:07,5/1/2025 03:10,View new car
145,Faunie Piechnik,59,Female,615-976-7012,103,5/1/2025 14:25,5/1/2025 07:22,Test drive
146,Alley Goundsy,94,Male,538-638-2628,102,5/1/2025 03:01,5/1/2025 17:10,Service
147,Lyssa Joscelin,55,Female,234-720-0538,104,5/1/2025 07:31,5/1/2025 03:35,Paperwork
148,Agnes Bransby,24,Female,926-181-2777,102,5/1/2025 17:31,5/1/2025 22:29,Test drive
149,Tobey Cromleholme,97,Female,474-955-2174,103,5/1/2025 05:23,5/1/2025 00:47,Test drive
150,Ellwood Halls,51,Male,955-144-8729,101,5/1/2025 07:05,5/1/2025 07:55,View new car
151,Godard Quinnell,41,Male,788-907-0480,102,5/1/2025 10:14,5/1/2025 21:59,Test drive
152,Arlin Morrad,96,Male,333-554-1113,102,5/1/2025 08:11,5/1/2025 04:30,Test drive
153,Bessy Glide,20,Female,230-661-3178,103,5/1/2025 12:16,5/1/2025 21:02,Paperwork
154,Caz Gelling,34,Male,397-519-9370,101,5/1/2025 02:05,5/1/2025 08:25,Test drive
155,Tucker Blackaller,97,Male,679-635-3825,104,5/1/2025 00:03,5/1/2025 21:09,View new car
156,Sibyl Leopard,82,Male,851-210-7207,102,5/1/2025 13:16,5/1/2025 19:22,Paperwork
157,Dar Pibsworth,35,Male,225-318-1336,101,5/1/2025 08:35,5/1/2025 01:02,Paperwork
158,Bunny O'Nolan,94,Female,546-215-1648,102,5/1/2025 07:58,5/1/2025 16:12,Paperwork
159,Andrey Waggett,74,Male,141-188-7310,101,5/1/2025 15:07,5/1/2025 18:36,Service
160,Trent Erley,48,Male,832-972-7966,102,5/1/2025 11:56,5/1/2025 18:24,View new car
161,Marcelline Buckhurst,67,Female,411-287-5038,103,5/1/2025 19:56,5/1/2025 13:02,Paperwork
162,Clary Fasse,34,Female,961-467-6778,104,5/1/2025 10:47,5/1/2025 01:40,Service
163,Aurea Pattle,89,Female,365-332-9786,101,5/1/2025 19:59,5/1/2025 00:18,Paperwork
164,Minetta Donald,58,Female,130-951-1115,101,5/1/2025 03:02,5/1/2025 09:27,Service
165,Robbie Bauduin,22,Male,210-522-5451,102,5/1/2025 18:03,5/1/2025 13:18,Test drive
166,Travis Doleman,31,Male,465-428-7450,103,5/1/2025 01:22,5/1/2025 15:40,Paperwork
167,Julian Catcheside,94,Male,535-744-7284,101,5/1/2025 00:37,5/1/2025 01:09,Test drive
168,Raff Schindler,35,Male,635-401-1977,104,5/1/2025 12:25,5/1/2025 21:29,View new car
169,Mateo Python,59,Male,146-570-5817,103,5/1/2025 08:03,5/1/2025 00:18,Paperwork
170,Janice Hillhouse,63,Female,454-429-0771,101,5/1/2025 18:37,5/1/2025 14:10,View new car
171,Tera Ramet,22,Female,848-733-0826,103,5/1/2025 04:06,5/1/2025 02:12,Service
172,Aron Vernazza,80,Male,387-506-9515,102,5/1/2025 02:32,5/1/2025 16:36,Paperwork
173,Carling Boyse,63,Male,628-219-2652,103,5/1/2025 23:24,5/1/2025 16:11,Service
174,Ilaire Lindenfeld,48,Male,155-958-7226,102,5/1/2025 11:30,5/1/2025 10:53,Test drive
175,Neely Harverson,74,Female,576-337-0399,104,5/1/2025 06:04,5/1/2025 23:52,View new car
176,Mersey Lettington,60,Female,478-751-6887,101,5/1/2025 20:34,5/1/2025 10:59,Test drive
177,Joe Ternouth,25,Male,366-379-5703,101,5/1/2025 11:43,5/1/2025 18:22,Test drive
178,Davey Junkinson,27,Male,713-535-0543,102,5/1/2025 13:24,5/1/2025 21:41,Test drive
179,Jdavie Lefeuvre,97,Male,305-285-8941,101,5/1/2025 22:23,5/1/2025 07:53,Paperwork
180,Rita Placide,58,Female,961-347-6354,101,5/1/2025 02:38,5/1/2025 04:52,Service
181,Garrett Matthessen,69,Male,949-591-2699,102,5/1/2025 08:40,5/1/2025 20:20,Service
182,Sandor Suston,29,Male,662-224-0342,104,5/1/2025 17:56,5/1/2025 16:36,Paperwork
183,Haley Ousley,88,Male,212-750-3358,104,5/1/2025 21:15,5/1/2025 13:48,Service
184,Brade Gorbell,53,Male,620-425-2761,103,5/1/2025 15:15,5/1/2025 08:47,Service
185,Rici Cadle,53,Female,768-290-7400,101,5/1/2025 07:25,5/1/2025 09:56,Test drive
186,Benjy Ellsworthe,60,Male,198-802-6639,104,5/1/2025 23:42,5/1/2025 15:46,View new car
187,Maxim Lorkins,26,Male,266-481-6497,104,5/1/2025 04:01,5/1/2025 08:27,Test drive
188,Torey Haster,42,Female,891-417-7926,104,5/1/2025 09:04,5/1/2025 15:30,Test drive
189,Jana Sherbrooke,19,Female,917-553-9753,103,5/1/2025 05:07,5/1/2025 15:37,Service
190,Emmett Firidolfi,33,Male,741-976-3764,104,5/1/2025 20:07,5/1/2025 00:26,View new car
191,Colly Risdall,97,Female,999-928-5484,103,5/1/2025 21:55,5/1/2025 12:04,Paperwork
192,Jesselyn Edscer,22,Female,978-544-0949,104,5/1/2025 01:07,5/1/2025 05:02,Service
193,Pennie Stoad,65,Female,165-604-5900,102,5/1/2025 23:00,5/1/2025 07:14,Service
194,Chancey Argont,60,Male,782-898-6059,101,5/1/2025 21:54,5/1/2025 14:01,Paperwork
195,Benetta Mahaffey,46,Female,689-811-8068,101,5/1/2025 13:08,5/1/2025 10:07,Paperwork
196,Brod Langtree,99,Male,903-819-3989,101,5/1/2025 10:44,5/1/2025 18:12,Service
197,Justis Udy,46,Male,716-660-1880,104,5/1/2025 23:54,5/1/2025 15:33,Service
198,Kyle Polkinghorne,57,Female,295-754-2364,104,5/1/2025 07:16,5/1/2025 01:03,Service
199,Merwin Lissenden,60,Male,483-602-3974,103,5/1/2025 15:54,5/1/2025 18:08,View new car
200,Leyla Juza,28,Female,296-882-5987,103,5/1/2025 16:55,5/1/2025 19:55,Test drive
201,Marybelle Pettipher,55,Female,182-378-8519,103,5/1/2025 16:37,5/1/2025 23:42,Paperwork
202,Tamra Penswick,79,Female,132-423-8472,104,5/1/2025 03:16,5/1/2025 07:59,Service
203,York Gantley,53,Male,680-431-2532,101,5/1/2025 13:45,5/1/2025 09:32,View new car
204,Jecho Suermeier,86,Male,192-148-0696,103,5/1/2025 12:03,5/1/2025 03:48,Test drive
205,Prentiss Pittwood,43,Male,405-174-6696,102,5/1/2025 21:20,5/1/2025 05:05,Test drive
206,Neely Putland,95,Female,125-580-8751,104,5/1/2025 11:16,5/1/2025 23:15,Test drive
207,Clementius Bontine,71,Male,743-334-4483,102,5/1/2025 07:28,5/1/2025 11:59,View new car
208,Kendal Fawthrop,72,Male,567-658-9538,102,5/1/2025 02:53,5/1/2025 18:46,Service
209,Niel Petrak,93,Male,922-765-8834,101,5/1/2025 06:41,5/1/2025 17:32,Service
210,Eyde O'Lehane,35,Female,436-155-5280,103,5/1/2025 17:00,5/1/2025 20:03,Test drive
211,Nady Ramsay,37,Female,613-227-0001,101,5/1/2025 19:09,5/1/2025 17:12,View new car
212,Ada Van Baaren,40,Female,807-539-4040,101,5/1/2025 19:01,5/1/2025 16:53,Test drive
213,Faun Vauls,79,Female,494-165-0359,103,5/1/2025 20:14,5/1/2025 09:51,View new car
214,Cammie Pizey,92,Female,173-810-1478,102,5/1/2025 15:24,5/1/2025 07:10,Test drive
215,Perren Glacken,31,Male,381-701-4344,104,5/1/2025 01:47,5/1/2025 02:40,Paperwork
216,Sarina Whitten,58,Female,726-909-3873,101,5/1/2025 11:52,5/1/2025 10:34,Test drive
217,Cazzie Lippingwell,23,Male,145-558-5401,103,5/1/2025 01:21,5/1/2025 18:12,Service
218,Boyd De Michele,40,Male,742-692-3028,101,5/1/2025 09:38,5/1/2025 18:47,Service
219,Thatch Krinks,59,Male,488-330-6854,104,5/1/2025 16:31,5/1/2025 01:03,Paperwork
220,Melisenda Kench,53,Female,753-859-8919,101,5/1/2025 02:10,5/1/2025 15:04,Test drive
221,Krishnah Boumphrey,33,Male,367-155-2274,104,5/1/2025 17:45,5/1/2025 23:21,View new car
222,Denys Tallant,52,Male,773-613-0091,101,5/1/2025 16:53,5/1/2025 18:46,Paperwork
223,Kelsi Brahms,71,Female,718-544-5395,102,5/1/2025 22:12,5/1/2025 04:01,Test drive
224,Kalle Witherspoon,99,Male,711-394-4887,102,5/1/2025 00:02,5/1/2025 10:01,Paperwork
225,Leyla Bister,86,Female,664-171-6612,102,5/1/2025 16:43,5/1/2025 17:51,Test drive
226,Drew Tupper,62,Male,838-678-5541,101,5/1/2025 19:42,5/1/2025 09:12,Test drive
227,Andres Cumo,78,Male,387-514-4400,104,5/1/2025 10:15,5/1/2025 19:29,Paperwork
228,Lilyan Fauning,54,Female,488-964-9082,102,5/1/2025 08:46,5/1/2025 06:11,View new car
229,Carter Mollin,34,Male,269-568-9633,101,5/1/2025 08:08,5/1/2025 16:53,View new car
230,Marietta Casterou,53,Female,828-301-5577,103,5/1/2025 16:13,5/1/2025 09:00,Test drive
231,Spike Worgen,98,Male,787-268-1563,104,5/1/2025 04:32,5/1/2025 22:29,View new car
232,Hayley Applegarth,62,Female,741-337-5203,101,5/1/2025 19:07,5/1/2025 03:08,Test drive
233,Jeramie Lancashire,51,Male,394-702-6748,104,5/1/2025 10:06,5/1/2025 04:14,Service
234,Andrus Pinke,49,Male,700-537-6848,103,5/1/2025 10:38,5/1/2025 00:13,View new car
235,Lona Lemarie,99,Female,469-228-7580,103,5/1/2025 05:46,5/1/2025 18:49,Paperwork
236,Terrie Zanre,79,Female,245-641-8316,102,5/1/2025 16:15,5/1/2025 21:13,Service
237,Costa Alliott,44,Male,957-496-6425,102,5/1/2025 15:19,5/1/2025 09:41,View new car
238,Edwin Chewter,84,Male,768-588-9603,104,5/1/2025 17:39,5/1/2025 13:58,Service
239,Valentina Blanch,90,Female,161-240-2359,104,5/1/2025 17:45,5/1/2025 11:24,View new car
240,Netti Lovejoy,47,Female,228-695-2398,104,5/1/2025 00:22,5/1/2025 06:38,Service
241,Rosetta Rutty,20,Female,740-578-8681,104,5/1/2025 03:12,5/1/2025 14:10,Service
242,Mateo Padilla,43,Male,751-158-9624,101,5/1/2025 14:09,5/1/2025 09:52,Service
243,Verine Guite,90,Female,803-993-9051,104,5/1/2025 18:51,5/1/2025 16:37,Paperwork
244,Lorine Aloway,81,Female,808-289-5718,101,5/1/2025 19:10,5/1/2025 02:43,Service
245,Merwyn Gillaspy,19,Male,612-147-5605,103,5/1/2025 06:00,5/1/2025 17:20,Test drive
246,Rosemary O'Heagertie,77,Female,820-573-3786,103,5/1/2025 14:30,5/1/2025 04:24,Service
247,Anatol Worham,72,Male,107-452-1305,103,5/1/2025 20:48,5/1/2025 14:48,Service
248,Guinna Robertelli,41,Female,918-787-1449,103,5/1/2025 10:12,5/1/2025 06:02,Test drive
249,Peirce Chattelaine,82,Male,949-362-9920,103,5/1/2025 03:47,5/1/2025 12:19,View new car
250,Laura Karlik,33,Female,295-287-7390,104,5/1/2025 05:53,5/1/2025 22:21,Test drive
251,Sigrid Totman,86,Female,827-436-6674,104,5/1/2025 12:44,5/1/2025 08:04,Paperwork
252,Robby Boughton,23,Male,506-379-8025,102,5/1/2025 21:20,5/1/2025 01:53,Paperwork
253,Karilynn Pedrozzi,63,Female,259-325-0203,101,5/1/2025 20:19,5/1/2025 09:52,Paperwork
254,Gusty Camerana,63,Female,609-322-6180,101,5/1/2025 12:25,5/1/2025 01:01,Paperwork
255,Daniela Fisher,100,Female,125-183-5940,103,5/1/2025 05:01,5/1/2025 11:33,View new car
256,Gerardo Somersett,57,Male,397-349-3213,103,5/1/2025 10:00,5/1/2025 17:37,Service
257,Mariquilla Durrington,22,Female,605-627-3711,103,5/1/2025 22:45,5/1/2025 20:24,View new car
258,Griselda Bottle,19,Female,602-176-5744,104,5/1/2025 20:47,5/1/2025 07:07,View new car
259,Kris Nodes,89,Male,348-892-5928,101,5/1/2025 19:11,5/1/2025 23:56,Service
260,Rex Jouannisson,61,Male,643-576-8426,104,5/1/2025 14:03,5/1/2025 03:22,Test drive
261,Zedekiah Watling,80,Male,679-421-6703,102,5/1/2025 07:19,5/1/2025 17:07,Paperwork
262,Thayne Beslier,96,Male,830-878-6534,104,5/1/2025 08:01,5/1/2025 07:28,Test drive
263,Rosabella Hannabus,92,Female,260-406-6978,104,5/1/2025 10:24,5/1/2025 03:57,Paperwork
264,Jonah Gorden,58,Male,209-505-4206,103,5/1/2025 01:39,5/1/2025 11:14,Service
265,Arielle Weedon,48,Female,543-333-6953,101,5/1/2025 07:52,5/1/2025 06:44,Test drive
266,Robinet Dood,93,Female,513-343-8137,102,5/1/2025 14:35,5/1/2025 13:13,Service
267,Matthiew Walsom,67,Male,803-841-8211,102,5/1/2025 22:16,5/1/2025 01:34,Service
268,Culver Litterick,87,Male,439-764-7360,101,5/1/2025 13:11,5/1/2025 21:23,Paperwork
269,Babara Jahnke,91,Female,445-836-9370,102,5/1/2025 12:14,5/1/2025 19:38,Test drive
270,Zorina Depka,38,Female,474-652-8637,101,5/1/2025 11:06,5/1/2025 22:24,Service
271,Carmine Gavigan,91,Male,242-612-2769,101,5/1/2025 14:59,5/1/2025 16:04,View new car
272,Jackelyn Lukehurst,33,Female,242-887-0821,101,5/1/2025 16:27,5/1/2025 12:41,View new car
273,Ceciley Horning,25,Female,516-888-5441,103,5/1/2025 10:45,5/1/2025 17:24,Paperwork
274,Andrea Blundin,77,Female,672-576-4242,101,5/1/2025 19:44,5/1/2025 11:31,Service
275,Krissie Braunes,63,Female,566-431-9566,103,5/1/2025 08:59,5/1/2025 15:59,Service
276,Karola Keesman,40,Female,152-155-9055,104,5/1/2025 01:54,5/1/2025 07:26,View new car
277,Tabbie Gowanson,46,Male,395-706-7309,104,5/1/2025 04:31,5/1/2025 21:52,View new car
278,Paxton Phizacklea,78,Male,552-693-7975,103,5/1/2025 15:31,5/1/2025 16:41,Paperwork
279,Alford Sallowaye,69,Male,873-880-1465,103,5/1/2025 08:02,5/1/2025 07:16,Test drive
280,Leta Schenfisch,26,Female,159-860-7936,104,5/1/2025 20:48,5/1/2025 06:02,View new car
281,Basilius Soppeth,38,Male,978-234-2088,103,5/1/2025 09:46,5/1/2025 18:21,View new car
282,Doralin Bellefant,44,Female,304-874-6768,101,5/1/2025 17:11,5/1/2025 10:09,Test drive
283,Sarene Martijn,75,Female,847-183-0151,102,5/1/2025 11:47,5/1/2025 07:21,Service
284,Amberly McFee,41,Female,461-171-9706,103,5/1/2025 09:59,5/1/2025 15:36,Service
285,Rozanne Renzo,69,Female,373-779-7065,101,5/1/2025 13:53,5/1/2025 20:15,Test drive
286,Rolfe Burtt,40,Male,327-116-4707,101,5/1/2025 13:17,5/1/2025 11:11,Paperwork
287,Zaria Oldroyde,29,Female,743-134-9056,101,5/1/2025 00:37,5/1/2025 02:45,Test drive
288,Annamarie Broadwood,71,Female,231-812-1542,104,5/1/2025 06:58,5/1/2025 06:58,Paperwork
289,Tobin Greenlies,83,Male,348-681-7676,103,5/1/2025 00:38,5/1/2025 05:58,Service
290,Jacquetta Buttle,30,Female,578-551-8633,102,5/1/2025 22:21,5/1/2025 20:07,View new car
291,Marrissa Schofield,65,Female,678-397-8278,103,5/1/2025 17:57,5/1/2025 18:08,Service
292,Everett Brinsford,26,Male,239-410-0530,104,5/1/2025 09:09,5/1/2025 12:10,Paperwork
293,Cammie Tidridge,39,Female,281-236-1727,103,5/1/2025 18:46,5/1/2025 20:52,Test drive
294,Perry Willett,77,Male,735-867-8947,102,5/1/2025 20:39,5/1/2025 07:50,Paperwork
295,Cass Bysh,32,Female,130-135-7401,104,5/1/2025 14:24,5/1/2025 22:25,Paperwork
296,Lamar Michal,35,Male,524-627-0500,103,5/1/2025 19:05,5/1/2025 13:50,Service
297,Alyda Vasilik,67,Female,889-690-0722,104,5/1/2025 05:37,5/1/2025 00:32,View new car
298,Jens De-Ville,50,Male,992-159-2866,104,5/1/2025 08:09,5/1/2025 02:23,Test drive
299,Tessie Radenhurst,96,Female,750-693-8815,101,5/1/2025 20:31,5/1/2025 23:38,Service
300,Darrelle Robichon,90,Female,853-935-9929,102,5/1/2025 06:22,5/1/2025 20:13,Test drive
301,Tomaso Embleton,69,Male,894-729-8255,104,5/1/2025 18:23,5/1/2025 23:16,Paperwork
302,Chrotoem Arnaez,82,Male,452-869-0029,103,5/1/2025 14:31,5/1/2025 07:06,View new car
303,Amabel Lawless,28,Female,133-425-2254,104,5/1/2025 11:37,5/1/2025 17:54,View new car
304,Jae Goman,85,Male,104-609-9169,101,5/1/2025 08:21,5/1/2025 02:12,Test drive
305,Levin Pfeffer,40,Male,592-400-5220,103,5/1/2025 01:34,5/1/2025 07:39,Test drive
306,Meara Halkyard,89,Female,221-578-3341,103,5/1/2025 12:05,5/1/2025 21:47,Test drive
307,Jasun Haldon,42,Male,985-621-6657,103,5/1/2025 15:50,5/1/2025 11:45,Service
308,Emlyn Simkovitz,59,Male,703-292-4292,101,5/1/2025 15:09,5/1/2025 05:27,Test drive
309,Fredericka Petrol,98,Female,880-809-6732,104,5/1/2025 07:27,5/1/2025 07:24,View new car
310,Eduardo MacGregor,56,Male,556-487-0297,103,5/1/2025 15:12,5/1/2025 09:54,Paperwork
311,Delaney Lote,29,Male,155-150-3812,102,5/1/2025 15:02,5/1/2025 10:18,Service
312,Granville Kettel,89,Male,716-837-0452,101,5/1/2025 17:24,5/1/2025 07:47,Test drive
313,Eda Ulrik,76,Female,167-531-4443,101,5/1/2025 19:19,5/1/2025 02:15,Paperwork
314,Romy Iacofo,58,Female,378-951-1233,102,5/1/2025 22:31,5/1/2025 13:01,Service
315,Carri Gussin,82,Female,509-988-8801,102,5/1/2025 22:51,5/1/2025 21:58,View new car
316,Ripley Drakeley,87,Male,928-757-5694,101,5/1/2025 05:00,5/1/2025 16:37,Service
317,Monte Toone,28,Male,407-856-1333,103,5/1/2025 16:55,5/1/2025 12:53,View new car
318,Quinton Hathwood,38,Male,866-599-2735,103,5/1/2025 01:04,5/1/2025 15:02,Test drive
319,Forrester Dodds,68,Male,822-293-4618,102,5/1/2025 23:07,5/1/2025 22:11,Test drive
320,Evangeline Havik,84,Female,695-493-6915,103,5/1/2025 07:45,5/1/2025 20:22,View new car
321,Gothart Noell,95,Male,848-640-6282,103,5/1/2025 11:24,5/1/2025 13:30,Service
322,Wendi Duny,55,Female,718-744-0185,101,5/1/2025 18:29,5/1/2025 10:43,Service
323,Whitby Heninghem,99,Male,781-833-9096,103,5/1/2025 02:23,5/1/2025 18:55,Test drive
324,Annabal Leffek,88,Female,526-145-4830,101,5/1/2025 12:27,5/1/2025 06:33,Test drive
325,Bambi Letty,60,Female,142-683-7707,101,5/1/2025 17:50,5/1/2025 06:16,View new car
326,Janice Fardell,92,Female,310-854-0194,102,5/1/2025 15:29,5/1/2025 05:42,View new car
327,Dollie Teanby,90,Female,490-932-8514,104,5/1/2025 12:03,5/1/2025 11:46,Service
328,Malia Ubach,45,Female,995-617-3083,103,5/1/2025 14:09,5/1/2025 07:22,Service
329,Cassie Ingray,86,Male,165-511-7125,102,5/1/2025 02:06,5/1/2025 20:40,Service
330,Lauree Smogur,33,Female,842-457-2544,102,5/1/2025 20:28,5/1/2025 15:44,Test drive
331,Holly Rangall,39,Female,526-384-9582,101,5/1/2025 02:44,5/1/2025 11:18,Service
332,Bing Daughtery,85,Male,519-942-1856,104,5/1/2025 14:09,5/1/2025 07:59,Test drive
333,Vi Shurey,91,Female,884-115-8815,104,5/1/2025 23:40,5/1/2025 16:31,View new car
334,Kearney Kelleher,18,Male,181-126-8623,101,5/1/2025 01:07,5/1/2025 23:16,Paperwork
335,Brewster Plumer,32,Male,181-719-5637,103,5/1/2025 22:38,5/1/2025 00:32,View new car
336,Phillip Lintill,23,Male,939-896-1647,102,5/1/2025 01:20,5/1/2025 22:15,View new car
337,Cherri Masey,77,Female,917-659-4298,104,5/1/2025 07:21,5/1/2025 13:20,Test drive
338,Siffre Redhead,92,Male,878-179-1177,103,5/1/2025 15:03,5/1/2025 09:51,Test drive
339,Wylie McCreery,52,Male,294-905-5436,102,5/1/2025 17:07,5/1/2025 18:33,View new car
340,Brit Ingleson,90,Male,382-205-7540,102,5/1/2025 07:45,5/1/2025 15:32,Test drive
341,Lorrie Goodburn,71,Male,207-913-6169,103,5/1/2025 19:07,5/1/2025 14:35,View new car
342,Elinore Stollwerck,95,Female,231-137-3102,102,5/1/2025 07:13,5/1/2025 16:39,View new car
343,Ellery Petroselli,50,Male,886-469-5927,101,5/1/2025 04:50,5/1/2025 07:54,Service
344,Jacques Mawman,26,Male,590-920-0781,101,5/1/2025 09:14,5/1/2025 12:18,View new car
345,Sigismondo Cardow,40,Male,404-415-6270,104,5/1/2025 20:00,5/1/2025 00:11,View new car
346,Millicent Burnyate,62,Female,565-221-9446,104,5/1/2025 03:48,5/1/2025 11:20,Paperwork
347,Dedie Fowle,87,Female,450-113-4121,102,5/1/2025 23:25,5/1/2025 00:57,View new car
348,Hilarius Farrey,26,Male,492-543-0279,104,5/1/2025 11:03,5/1/2025 12:01,Service
349,Effie Fulham,46,Female,162-281-0635,101,5/1/2025 12:27,5/1/2025 02:48,Test drive
350,Kele Garnul,51,Male,618-575-7325,101,5/1/2025 01:45,5/1/2025 09:34,Paperwork
351,Kate Kibbye,100,Female,835-703-4486,102,5/1/2025 01:54,5/1/2025 14:40,Service
352,Kelly Swindells,27,Male,294-112-4384,104,5/1/2025 23:34,5/1/2025 01:15,Paperwork
353,Padgett Friday,99,Male,254-599-5500,104,5/1/2025 01:51,5/1/2025 06:29,View new car
354,Laird McCloughen,73,Male,631-330-8408,102,5/1/2025 05:44,5/1/2025 11:41,Service
355,Avrom Wakes,99,Male,615-898-1554,101,5/1/2025 08:11,5/1/2025 08:43,Test drive
356,Aron Eblein,62,Male,885-687-6677,102,5/1/2025 23:10,5/1/2025 12:26,View new car
357,Alleyn Dumbreck,62,Male,276-450-9045,103,5/1/2025 03:10,5/1/2025 18:46,Service
358,Sacha Dzeniskevich,83,Female,832-691-0225,102,5/1/2025 07:04,5/1/2025 14:38,Service
359,Berthe Barker,54,Female,918-594-7288,101,5/1/2025 05:36,5/1/2025 10:27,Test drive
360,Diane-marie Smedmoor,84,Female,828-428-9523,103,5/1/2025 10:53,5/1/2025 14:40,Paperwork
361,Mehetabel Whitnall,71,Female,490-400-1936,103,5/1/2025 21:40,5/1/2025 16:12,Service
362,Bari MacNulty,39,Female,833-121-6818,102,5/1/2025 09:58,5/1/2025 20:07,Test drive
363,Stephen Killshaw,62,Male,469-771-8923,104,5/1/2025 03:05,5/1/2025 13:40,Service
364,Pail Dachs,26,Male,857-605-8479,103,5/1/2025 19:35,5/1/2025 12:00,Service
365,Der Bagley,40,Male,928-193-2806,101,5/1/2025 18:41,5/1/2025 00:22,View new car
366,Erna Trimming,72,Female,336-380-0628,102,5/1/2025 06:28,5/1/2025 18:00,Service
367,Karlis Palser,100,Male,638-142-8597,101,5/1/2025 07:11,5/1/2025 19:23,Paperwork
368,Amitie Westcott,33,Female,653-586-1421,102,5/1/2025 20:34,5/1/2025 23:46,Test drive
369,Ranee Stuer,39,Female,938-537-3161,102,5/1/2025 05:55,5/1/2025 09:59,Test drive
370,Maribel Roarty,31,Female,242-422-7777,101,5/1/2025 08:14,5/1/2025 12:38,Service
371,Philis Allbones,92,Female,323-361-4915,103,5/1/2025 14:09,5/1/2025 17:32,View new car
372,Freeman Keller,19,Male,992-387-6975,102,5/1/2025 12:23,5/1/2025 21:39,View new car
373,Blanche Zmitrovich,46,Female,124-752-4249,104,5/1/2025 10:25,5/1/2025 06:18,Test drive
374,Orran Marklund,82,Male,940-993-4850,104,5/1/2025 04:49,5/1/2025 00:54,Paperwork
375,Angel Kulic,20,Female,254-918-2010,102,5/1/2025 23:29,5/1/2025 12:36,Paperwork
376,Greg Beddon,92,Male,502-678-7647,101,5/1/2025 02:53,5/1/2025 17:43,View new car
377,Lorene Griffin,92,Female,535-998-3505,101,5/1/2025 11:41,5/1/2025 11:21,Paperwork
378,Letti Torrese,88,Female,471-240-1947,101,5/1/2025 00:34,5/1/2025 02:41,View new car
379,Lester Francello,30,Male,108-662-3740,104,5/1/2025 13:34,5/1/2025 02:20,Test drive
380,Alexander Kernar,19,Male,365-731-7937,103,5/1/2025 23:50,5/1/2025 18:46,Paperwork
381,Menard Gribble,48,Male,804-396-6224,101,5/1/2025 04:25,5/1/2025 11:17,Paperwork
382,Pearla Wheble,38,Female,134-414-8357,102,5/1/2025 08:59,5/1/2025 07:37,Paperwork
383,Harry McRamsey,21,Male,501-922-1707,103,5/1/2025 11:55,5/1/2025 20:54,Paperwork
384,Teador Prier,64,Male,177-949-3605,103,5/1/2025 14:48,5/1/2025 01:15,Paperwork
385,Xenos Ugoletti,89,Male,464-600-5355,102,5/1/2025 07:02,5/1/2025 08:57,Service
386,Mavra Tatteshall,90,Female,319-639-0355,102,5/1/2025 04:48,5/1/2025 19:48,View new car
387,Edgardo Lowerson,73,Male,263-155-9831,104,5/1/2025 02:47,5/1/2025 23:00,Service
388,Sayre Gethyn,33,Male,742-670-3817,101,5/1/2025 20:33,5/1/2025 03:47,Test drive
389,David McBrearty,38,Male,550-231-9244,101,5/1/2025 17:50,5/1/2025 06:40,Test drive
390,Duncan Bygrave,34,Male,344-210-5201,104,5/1/2025 04:42,5/1/2025 19:31,Test drive
391,Ernestus Swanton,37,Male,913-707-8895,102,5/1/2025 09:45,5/1/2025 00:46,Paperwork
392,Gino Gabe,21,Male,120-514-5067,102,5/1/2025 00:28,5/1/2025 10:15,View new car
393,Janos Chastaing,90,Male,855-168-2538,104,5/1/2025 06:37,5/1/2025 05:03,Paperwork
394,Jasper Lambertini,88,Male,321-528-5980,101,5/1/2025 14:21,5/1/2025 06:02,Service
395,Antoni Chastan,60,Male,887-167-3175,101,5/1/2025 14:56,5/1/2025 13:55,View new car
396,Amara Bliss,34,Female,753-130-4913,104,5/1/2025 05:38,5/1/2025 23:00,Service
397,Thatcher Josephs,40,Male,755-870-2193,103,5/1/2025 05:35,5/1/2025 01:10,Service
398,Teressa Camamill,85,Female,496-393-2280,101,5/1/2025 20:44,5/1/2025 12:44,Test drive
399,Janetta Kunkler,41,Female,624-931-4439,103,5/1/2025 13:35,5/1/2025 09:31,Paperwork
400,Nate Badsey,98,Male,743-513-7316,101,5/1/2025 11:54,5/1/2025 16:33,Service
401,Ignacio Ellacott,84,Male,256-529-4600,101,5/1/2025 10:04,5/1/2025 19:26,View new car
402,Barbabas Rosso,82,Male,652-917-9084,103,5/1/2025 18:53,5/1/2025 06:56,Paperwork
403,Kristine Collings,23,Female,605-950-5573,101,5/1/2025 19:35,5/1/2025 06:04,View new car
404,Harrie Bibb,73,Female,190-373-8848,102,5/1/2025 00:29,5/1/2025 11:08,View new car
405,Base Hirjak,93,Male,950-831-9464,103,5/1/2025 08:06,5/1/2025 10:14,Test drive
406,Emelia Bryns,77,Female,658-333-9123,101,5/1/2025 14:38,5/1/2025 02:25,View new car
407,Rudiger Duckham,54,Male,815-806-0117,102,5/1/2025 06:35,5/1/2025 18:52,Paperwork
408,Eloisa Rives,87,Female,118-109-8233,103,5/1/2025 23:22,5/1/2025 04:20,Paperwork
409,Mead Lamblot,31,Female,820-371-5591,103,5/1/2025 12:13,5/1/2025 03:37,Paperwork
410,Tera Elsip,55,Female,159-172-0331,103,5/1/2025 18:46,5/1/2025 18:15,View new car
411,Prudi Benitez,30,Female,886-164-7137,104,5/1/2025 11:15,5/1/2025 19:12,Service
412,Barris Argrave,45,Male,230-419-8246,103,5/1/2025 20:55,5/1/2025 03:34,View new car
413,Isidoro Saunper,41,Male,689-805-4095,103,5/1/2025 11:20,5/1/2025 06:34,Service
414,Antony Dodgson,37,Male,639-934-8596,101,5/1/2025 19:59,5/1/2025 07:41,Test drive
415,Kip Vanyushin,68,Female,771-740-7770,104,5/1/2025 19:11,5/1/2025 01:48,Test drive
416,Garret Tawn,61,Male,950-745-4767,101,5/1/2025 02:58,5/1/2025 00:24,Test drive
417,Sandie Markson,93,Female,257-683-5057,104,5/1/2025 10:37,5/1/2025 00:26,View new car
418,Dalis Saunt,68,Male,764-863-9444,104,5/1/2025 22:51,5/1/2025 23:16,Test drive
419,Brooks Stango,23,Male,532-298-2468,102,5/1/2025 17:32,5/1/2025 08:40,Service
420,Toni Durtnel,57,Female,404-775-8963,103,5/1/2025 06:13,5/1/2025 02:42,View new car
421,Mellicent Clifton,83,Female,589-614-9048,102,5/1/2025 15:12,5/1/2025 19:49,Test drive
422,Lewie Geany,41,Male,224-631-5381,104,5/1/2025 14:08,5/1/2025 01:22,Paperwork
423,Harv Capes,23,Male,624-959-4629,101,5/1/2025 21:58,5/1/2025 06:06,Test drive
424,Georgie Berkely,56,Male,585-878-9429,102,5/1/2025 03:49,5/1/2025 06:31,Service
425,Sheena Noyes,45,Female,610-673-4506,101,5/1/2025 21:03,5/1/2025 00:22,Paperwork
426,Sonja Stansell,19,Female,858-130-9531,104,5/1/2025 11:52,5/1/2025 04:40,Service
427,Rhetta Hoffner,94,Female,207-725-3724,104,5/1/2025 22:12,5/1/2025 18:13,Test drive
428,Wallache Braime,99,Male,942-168-8016,102,5/1/2025 11:51,5/1/2025 16:05,Paperwork
429,Fair Stainburn,65,Male,384-617-3117,104,5/1/2025 11:20,5/1/2025 12:20,View new car
430,Gibb Rapkins,27,Male,265-962-8605,101,5/1/2025 21:10,5/1/2025 13:27,Paperwork
431,Zacharie Lavell,87,Male,436-614-0060,103,5/1/2025 18:43,5/1/2025 17:55,View new car
432,Lane D'Onise,61,Female,608-946-1358,102,5/1/2025 03:00,5/1/2025 03:59,Service
433,Marlane Jervis,86,Female,172-949-9823,102,5/1/2025 01:59,5/1/2025 07:00,Paperwork
434,Culver Clearie,23,Male,868-157-7699,102,5/1/2025 08:41,5/1/2025 00:42,View new car
435,Blythe Dukes,81,Female,938-867-7007,102,5/1/2025 22:03,5/1/2025 18:34,Test drive
436,Annabell Emtage,50,Female,120-643-2172,102,5/1/2025 18:33,5/1/2025 10:13,Test drive
437,Ber McIlwraith,56,Male,688-830-9415,101,5/1/2025 14:35,5/1/2025 03:58,Test drive
438,Emmalynn Canwell,66,Female,262-713-9827,101,5/1/2025 04:38,5/1/2025 09:35,Test drive
439,Betta Cove,85,Female,157-110-5060,101,5/1/2025 01:10,5/1/2025 06:58,Service
440,Dukie Yockney,81,Male,697-564-2754,102,5/1/2025 14:50,5/1/2025 17:54,Paperwork
441,Blanch Chaff,51,Female,635-811-1043,102,5/1/2025 15:49,5/1/2025 04:59,View new car
442,Winifred Bestman,97,Female,381-181-4533,104,5/1/2025 14:28,5/1/2025 00:06,View new car
443,Albertine Wainer,56,Female,106-974-5976,102,5/1/2025 11:18,5/1/2025 10:12,Test drive
444,Thaddus Farden,87,Male,235-586-9304,103,5/1/2025 10:38,5/1/2025 15:14,Test drive
445,Lorain Halford,97,Female,715-195-8250,102,5/1/2025 13:27,5/1/2025 20:56,Service
446,Lesly Harling,60,Female,968-785-8101,104,5/1/2025 00:44,5/1/2025 08:41,Test drive
447,Woodrow Shillan,91,Male,111-435-7017,103,5/1/2025 23:48,5/1/2025 04:24,Test drive
448,Barnabas Rostern,25,Male,571-160-7447,103,5/1/2025 01:14,5/1/2025 10:54,Paperwork
449,Morten Louth,48,Male,499-789-2806,101,5/1/2025 08:37,5/1/2025 23:55,Service
450,Alidia Felgate,75,Female,167-581-4240,104,5/1/2025 06:04,5/1/2025 11:56,Test drive
451,Ivan Lucus,98,Male,685-955-7247,103,5/1/2025 17:00,5/1/2025 06:59,Test drive
452,Ambrose Narducci,56,Male,242-930-9414,104,5/1/2025 19:36,5/1/2025 03:14,Test drive
453,Haleigh Wherton,28,Male,727-899-2977,102,5/1/2025 22:31,5/1/2025 09:11,Service
454,Rosanna Machan,54,Female,354-804-9409,104,5/1/2025 21:31,5/1/2025 12:27,Test drive
455,Cherri Parrett,94,Female,912-765-6979,101,5/1/2025 14:58,5/1/2025 05:20,Test drive
456,Matthew Stainbridge,27,Male,518-778-1439,102,5/1/2025 11:42,5/1/2025 00:21,Service
457,Trula Porcher,40,Female,478-478-6347,101,5/1/2025 19:00,5/1/2025 13:41,Service
458,Marcelline Hanrott,22,Female,623-389-1801,101,5/1/2025 13:30,5/1/2025 21:55,Service
459,Fawn Burstow,86,Female,922-944-0380,104,5/1/2025 02:09,5/1/2025 08:06,Paperwork
460,Travus Grabban,45,Male,320-612-2011,101,5/1/2025 20:38,5/1/2025 11:42,Paperwork
461,Teodor Knightsbridge,47,Male,487-904-8609,101,5/1/2025 01:55,5/1/2025 14:34,Test drive
462,Delora Huzzay,66,Female,687-509-0734,101,5/1/2025 09:15,5/1/2025 06:19,Test drive
463,Ashbey Harvatt,30,Male,937-908-9111,102,5/1/2025 05:51,5/1/2025 17:36,Test drive
464,Jud Denington,26,Male,567-198-5850,104,5/1/2025 01:54,5/1/2025 08:46,Paperwork
465,Sonni Scourgie,99,Female,873-584-7993,104,5/1/2025 15:49,5/1/2025 05:30,Service
466,Ansell Tapin,20,Male,343-966-4147,101,5/1/2025 22:15,5/1/2025 03:17,Service
467,Granthem Eckford,38,Male,512-737-2218,104,5/1/2025 16:19,5/1/2025 04:14,Test drive
468,Cherey Meaking,28,Female,929-328-8407,101,5/1/2025 19:26,5/1/2025 08:46,View new car
469,Aeriell Dupoy,82,Female,897-812-1607,102,5/1/2025 01:21,5/1/2025 17:32,View new car
470,Irwin Kiendl,82,Male,379-168-0893,104,5/1/2025 14:01,5/1/2025 02:03,Test drive
471,York Earlam,19,Male,976-935-4637,102,5/1/2025 00:10,5/1/2025 06:13,Test drive
472,Gerome Rulten,28,Male,206-147-3490,104,5/1/2025 05:32,5/1/2025 02:56,Service
473,Brannon Piburn,18,Male,833-550-3851,104,5/1/2025 19:18,5/1/2025 14:36,Service
474,Fleming Laming,20,Male,382-201-1534,104,5/1/2025 15:08,5/1/2025 17:27,Paperwork
475,Hamel Chalcroft,82,Male,722-720-6398,103,5/1/2025 14:19,5/1/2025 03:44,Test drive
476,Ax Crevagh,34,Male,247-477-1829,104,5/1/2025 11:42,5/1/2025 14:23,Service
477,Jereme Whickman,78,Male,425-491-8448,102,5/1/2025 13:56,5/1/2025 08:14,Test drive
478,Alick Wadie,18,Male,845-934-2882,103,5/1/2025 04:12,5/1/2025 14:07,Paperwork
479,Arden Cape,65,Female,614-291-7306,104,5/1/2025 00:26,5/1/2025 23:16,View new car
480,Kimberlee Doe,60,Female,680-721-8045,102,5/1/2025 21:41,5/1/2025 08:44,Test drive
481,Lanie Lamey,76,Male,979-558-3095,104,5/1/2025 02:27,5/1/2025 12:06,Paperwork
482,Minnnie Cufflin,39,Female,505-448-1821,103,5/1/2025 00:09,5/1/2025 23:34,Test drive
483,Jo Domoni,28,Male,472-455-1427,103,5/1/2025 13:55,5/1/2025 08:18,Test drive
484,Silvester Houselee,40,Male,922-466-9265,101,5/1/2025 14:18,5/1/2025 20:36,View new car
485,Giff Sheen,45,Male,633-957-4021,103,5/1/2025 16:13,5/1/2025 17:28,Test drive
486,Perry Soper,44,Male,666-399-6547,103,5/1/2025 04:06,5/1/2025 00:46,Service
487,Kain Scolts,66,Male,914-632-9213,104,5/1/2025 19:33,5/1/2025 03:23,View new car
488,Frankie Peschmann,20,Male,220-229-4991,102,5/1/2025 04:35,5/1/2025 03:35,View new car
489,Penelopa Derges,64,Female,429-705-6365,101,5/1/2025 23:29,5/1/2025 16:49,Paperwork
490,Carter Tweddle,69,Male,990-230-1943,104,5/1/2025 03:51,5/1/2025 17:44,View new car
491,Meris Morrallee,42,Female,671-817-3184,103,5/1/2025 22:09,5/1/2025 18:18,Paperwork
492,Masha Lardner,51,Female,533-147-9042,103,5/1/2025 06:30,5/1/2025 08:44,View new car
493,Theodor Gateman,22,Male,428-227-1225,104,5/1/2025 06:30,5/1/2025 22:30,Test drive
494,Ruby Sleany,39,Male,776-706-5982,101,5/1/2025 02:20,5/1/2025 16:18,Test drive
495,Molly Ecclestone,74,Female,517-464-2285,103,5/1/2025 09:38,5/1/2025 15:40,Service
496,Stu Jankiewicz,65,Male,376-213-8508,101,5/1/2025 16:47,5/1/2025 05:05,Test drive
497,Vivienne Younglove,18,Female,288-482-7289,101,5/1/2025 23:47,5/1/2025 02:47,View new car
498,Angelo Genge,72,Male,211-997-8570,102,5/1/2025 11:37,5/1/2025 19:27,Service
499,Katerina Tabourier,74,Female,188-943-1454,103,5/1/2025 22:12,5/1/2025 00:57,Paperwork
500,Viv Gergus,83,Female,815-929-8572,104,5/1/2025 04:26,5/1/2025 17:08,View new car
501,Lauren Peverell,20,Female,248-459-8389,101,5/1/2025 17:04,5/1/2025 09:20,Test drive
502,Jackelyn Cowndley,69,Female,232-984-6270,102,5/1/2025 04:44,5/1/2025 09:21,Paperwork
503,Donnell Whitehall,86,Male,437-222-8788,103,5/1/2025 20:39,5/1/2025 19:33,Test drive
504,Vaughan Chipps,46,Male,180-781-6017,101,5/1/2025 13:33,5/1/2025 07:22,Service
505,Vannie O'Noulane,91,Female,954-660-0181,104,5/1/2025 03:36,5/1/2025 19:55,View new car
506,Maren Gurnee,99,Female,631-125-6732,104,5/1/2025 20:42,5/1/2025 18:37,Service
507,Johna Illidge,41,Female,286-903-1321,102,5/1/2025 18:24,5/1/2025 13:53,Paperwork
508,Arnie Cornhill,82,Male,711-258-4978,103,5/1/2025 08:49,5/1/2025 04:17,Test drive
509,Breena St. Aubyn,74,Female,523-665-5027,103,5/1/2025 18:49,5/1/2025 18:03,Service
510,Arch Rohlf,31,Male,169-246-1573,103,5/1/2025 11:42,5/1/2025 19:49,View new car
511,Randene Skoggins,46,Female,625-403-1683,103,5/1/2025 15:09,5/1/2025 18:31,Service
512,Stearne Panther,56,Male,593-792-8421,104,5/1/2025 02:19,5/1/2025 07:55,Paperwork
513,Gates Meo,50,Female,723-445-5420,104,5/1/2025 22:03,5/1/2025 14:49,Service
514,Rube Debenham,53,Male,467-628-5517,103,5/1/2025 05:03,5/1/2025 07:31,Paperwork
515,Nani Halloran,80,Female,676-412-4896,101,5/1/2025 21:07,5/1/2025 17:45,View new car
516,Orion Rodenhurst,53,Male,699-609-8790,101,5/1/2025 01:44,5/1/2025 03:31,View new car
517,Deane Chesney,32,Female,270-924-7187,103,5/1/2025 15:50,5/1/2025 05:22,Service
518,Lita Janjusevic,24,Female,273-908-8451,101,5/1/2025 16:29,5/1/2025 23:03,Test drive
519,Tucky Hambrick,84,Male,746-938-9379,102,5/1/2025 15:20,5/1/2025 08:44,Paperwork
520,Casper Rosbotham,87,Male,656-943-9508,104,5/1/2025 10:52,5/1/2025 14:24,View new car
521,Onida Jurkowski,40,Female,601-142-1343,103,5/1/2025 11:04,5/1/2025 23:45,Test drive
522,Ebenezer Baseggio,94,Male,309-266-3447,103,5/1/2025 03:57,5/1/2025 14:18,Service
523,Lukas Tanner,21,Male,609-472-9600,104,5/1/2025 20:48,5/1/2025 22:32,Service
524,Feodor Pimblott,39,Male,195-140-5938,101,5/1/2025 01:53,5/1/2025 22:19,Test drive
525,Danit Branca,36,Female,279-857-9431,102,5/1/2025 12:46,5/1/2025 02:43,Test drive
526,Wood Babst,99,Male,936-253-8519,104,5/1/2025 04:39,5/1/2025 01:11,Service
527,Dolf Cope,96,Male,103-822-2800,104,5/1/2025 08:23,5/1/2025 04:21,View new car
528,Anderea Blazi,79,Female,686-883-7593,104,5/1/2025 21:44,5/1/2025 22:39,Paperwork
529,Salmon Andreasen,95,Male,352-920-9574,101,5/1/2025 04:10,5/1/2025 07:11,Service
530,Cale Halfacree,62,Male,396-507-6692,103,5/1/2025 07:58,5/1/2025 13:02,Test drive
531,Damian Lemary,32,Male,668-851-0316,104,5/1/2025 13:06,5/1/2025 01:53,View new car
532,Allin Hymers,92,Male,829-184-3158,103,5/1/2025 16:46,5/1/2025 16:40,Service
533,Karlene Plaid,53,Female,688-282-5333,103,5/1/2025 12:59,5/1/2025 01:01,Paperwork
534,Gerald Demcik,48,Male,927-197-5417,104,5/1/2025 16:59,5/1/2025 10:23,Service
535,Merv Glisane,67,Male,279-409-5175,101,5/1/2025 18:32,5/1/2025 01:27,Test drive
536,Dale Swainsbury,24,Male,763-725-2423,103,5/1/2025 16:38,5/1/2025 01:02,View new car
537,Courtnay Brittoner,66,Female,499-905-5463,102,5/1/2025 03:39,5/1/2025 02:27,Service
538,Jillayne McChruiter,83,Female,778-420-2028,103,5/1/2025 17:36,5/1/2025 19:31,Test drive
539,Ronnica Farady,59,Female,783-605-8213,104,5/1/2025 08:40,5/1/2025 02:40,Test drive
540,Reinaldos Bracchi,21,Male,686-305-3765,103,5/1/2025 21:20,5/1/2025 18:55,View new car
541,Gardy Smedmoor,77,Male,817-684-8050,104,5/1/2025 19:11,5/1/2025 10:42,Service
542,Leigh Fairbrace,35,Male,172-636-4859,101,5/1/2025 02:43,5/1/2025 06:50,Paperwork
543,Shara Schwander,23,Female,845-337-9445,103,5/1/2025 10:38,5/1/2025 03:39,View new car
544,Conroy Gower,66,Male,317-935-6738,104,5/1/2025 15:17,5/1/2025 04:27,Test drive
545,Ibbie Nevison,26,Female,241-129-3887,101,5/1/2025 23:27,5/1/2025 00:24,Service
546,Clywd Manderson,63,Male,687-903-6554,101,5/1/2025 04:16,5/1/2025 08:39,Service
547,Dalston Goshawke,33,Male,232-266-9021,103,5/1/2025 01:57,5/1/2025 23:53,Service
548,Reiko Kirsop,36,Female,783-247-7280,103,5/1/2025 06:06,5/1/2025 21:40,View new car
549,Sherie Wilkowski,94,Female,285-370-5074,101,5/1/2025 18:42,5/1/2025 11:59,Paperwork
550,Fredelia O' Kelleher,27,Female,209-613-3236,102,5/1/2025 20:21,5/1/2025 08:34,View new car
551,Keen Bleasby,29,Male,558-620-5454,101,5/1/2025 14:01,5/1/2025 12:23,Service
552,Alyda Wilkisson,100,Female,725-167-8279,103,5/1/2025 15:07,5/1/2025 21:34,Service
553,Debora Nystrom,22,Female,661-827-6945,104,5/1/2025 02:18,5/1/2025 12:38,Test drive
554,Hadley Baal,46,Male,918-335-2573,103,5/1/2025 05:10,5/1/2025 16:28,Paperwork
555,Filia Giraudel,23,Female,727-432-4908,101,5/1/2025 22:37,5/1/2025 10:09,View new car
556,Weidar Rickeard,59,Male,324-395-2882,101,5/1/2025 02:52,5/1/2025 23:12,Test drive
557,Myca Robker,94,Male,989-573-5495,104,5/1/2025 01:02,5/1/2025 03:07,Paperwork
558,Gail Gashion,24,Female,791-174-1736,104,5/1/2025 12:08,5/1/2025 05:51,View new car
559,Mickie McGairl,35,Female,103-921-5321,102,5/1/2025 09:42,5/1/2025 15:08,Test drive
560,Frazer Jeffrey,24,Male,828-913-6827,104,5/1/2025 05:22,5/1/2025 09:30,Paperwork
561,Lula Gotcliff,87,Female,769-251-2940,103,5/1/2025 03:20,5/1/2025 15:55,Paperwork
562,Earvin Southerden,31,Male,972-675-4155,104,5/1/2025 18:12,5/1/2025 22:15,Test drive
563,Mercedes Cancelier,94,Female,213-568-7799,103,5/1/2025 15:55,5/1/2025 23:23,Service
564,Trever Occleshaw,90,Male,846-719-7189,101,5/1/2025 11:42,5/1/2025 17:31,Paperwork
565,Bevin Scheffler,98,Male,541-699-4279,102,5/1/2025 14:00,5/1/2025 04:50,Paperwork
566,Rudolph Eich,53,Male,276-813-6045,103,5/1/2025 14:05,5/1/2025 08:22,View new car
567,Natividad Goldman,45,Female,332-567-4750,102,5/1/2025 04:20,5/1/2025 19:26,View new car
568,Mariquilla Ondra,42,Female,634-764-2225,102,5/1/2025 22:18,5/1/2025 03:48,Service
569,Anatol Cansdell,73,Male,129-260-6468,101,5/1/2025 23:08,5/1/2025 06:43,Paperwork
570,Annadiane Slott,88,Female,971-876-5827,103,5/1/2025 04:15,5/1/2025 13:12,View new car
571,Yetta Squeers,94,Female,561-678-8384,101,5/1/2025 14:25,5/1/2025 11:13,Test drive
572,Melosa Gregolin,85,Female,250-658-3169,104,5/1/2025 23:02,5/1/2025 10:11,View new car
573,Garrick Jowitt,66,Male,118-112-4364,103,5/1/2025 05:48,5/1/2025 21:23,Paperwork
574,Kathe Skirlin,68,Female,601-986-5298,104,5/1/2025 14:16,5/1/2025 22:29,Paperwork
575,Noble Yoslowitz,86,Male,981-503-4678,102,5/1/2025 00:51,5/1/2025 14:33,Test drive
576,Francisca Lenz,37,Female,134-344-8431,104,5/1/2025 22:08,5/1/2025 14:31,Paperwork
577,Jack Ramelet,81,Male,482-384-8457,101,5/1/2025 14:55,5/1/2025 00:54,Service
578,Tracy Dorning,63,Male,450-930-2913,102,5/1/2025 10:41,5/1/2025 10:40,Paperwork
579,Halsey Neve,97,Male,583-315-7988,104,5/1/2025 01:27,5/1/2025 00:15,Paperwork
580,Noak Itzak,59,Male,301-201-7426,104,5/1/2025 12:06,5/1/2025 22:46,Test drive
581,Lindon Milkin,38,Male,457-264-0280,103,5/1/2025 01:18,5/1/2025 23:51,Service
582,Kim Kitchinham,52,Female,304-660-7372,102,5/1/2025 08:57,5/1/2025 20:26,Test drive
583,Sandy Mayell,59,Female,366-754-0429,104,5/1/2025 05:37,5/1/2025 04:33,Paperwork
584,Skippie Tott,75,Male,416-181-7826,101,5/1/2025 17:01,5/1/2025 11:38,Service
585,Eloisa Windley,61,Female,308-933-1672,104,5/1/2025 15:02,5/1/2025 19:24,Test drive
586,Mikel Coghlin,66,Male,629-151-1237,104,5/1/2025 07:36,5/1/2025 05:13,Test drive
587,Elbertine Kilford,60,Female,404-299-4062,104,5/1/2025 15:15,5/1/2025 03:43,View new car
588,Jojo Gamett,60,Female,709-437-9171,102,5/1/2025 01:25,5/1/2025 15:35,Paperwork
589,Tirrell Selliman,24,Male,380-663-2015,101,5/1/2025 11:15,5/1/2025 07:27,Service
590,Shina Yakobowitch,59,Female,155-657-2755,101,5/1/2025 06:04,5/1/2025 19:27,Test drive
591,Kimmy Leaburn,21,Female,272-128-3637,103,5/1/2025 13:32,5/1/2025 07:50,Paperwork
592,Erastus Angrove,63,Male,786-590-0535,103,5/1/2025 03:05,5/1/2025 10:53,Test drive
593,Susanna Forson,97,Female,506-408-8133,104,5/1/2025 11:27,5/1/2025 18:39,View new car
594,Laryssa Millward,35,Female,162-157-5741,101,5/1/2025 01:54,5/1/2025 09:41,Service
595,Merridie Kellard,91,Female,469-274-2809,102,5/1/2025 11:06,5/1/2025 03:43,Test drive
596,Maisie Botcherby,43,Female,670-261-2025,102,5/1/2025 09:32,5/1/2025 17:34,View new car
597,Berni Vogel,97,Female,186-887-5136,102,5/1/2025 15:33,5/1/2025 06:40,Test drive
598,Eliza Oaks,20,Female,713-260-5606,101,5/1/2025 09:31,5/1/2025 18:37,Paperwork
599,Morry Meller,41,Male,745-263-5467,101,5/1/2025 21:46,5/1/2025 01:52,Paperwork
600,Gay Attree,83,Female,654-812-7933,101,5/1/2025 06:08,5/1/2025 05:20,View new car
601,Nat Yarnley,61,Male,390-322-2279,103,5/1/2025 14:53,5/1/2025 05:36,Test drive
602,Virgilio Muckian,89,Male,147-267-1712,104,5/1/2025 17:37,5/1/2025 04:40,View new car
603,Ricki Ellick,100,Female,546-849-8127,104,5/1/2025 11:09,5/1/2025 05:19,Paperwork
604,Thane Chippindale,91,Male,583-427-9073,104,5/1/2025 04:17,5/1/2025 15:35,Test drive
605,Rolland Franceschelli,88,Male,397-574-8885,102,5/1/2025 03:23,5/1/2025 22:12,Service
606,Adore Ogilby,82,Female,406-749-3580,104,5/1/2025 15:48,5/1/2025 22:11,View new car
607,Kenton Tripean,26,Male,832-168-7306,101,5/1/2025 23:59,5/1/2025 09:27,Test drive
608,Rahal Cradduck,55,Female,229-802-2214,104,5/1/2025 04:31,5/1/2025 23:58,View new car
609,Tracie Trenbey,40,Female,405-612-5510,103,5/1/2025 20:38,5/1/2025 23:40,View new car
610,Sydelle Eliassen,66,Female,800-716-5522,103,5/1/2025 10:34,5/1/2025 20:56,Test drive
611,Nowell Cumbridge,99,Male,330-230-2226,101,5/1/2025 21:28,5/1/2025 18:18,View new car
612,Veradis Hasley,79,Female,700-437-1221,101,5/1/2025 01:38,5/1/2025 23:40,Test drive
613,Brittan McDill,30,Female,978-838-4157,101,5/1/2025 21:06,5/1/2025 14:50,Service
614,Rafael Roddy,96,Male,628-644-5368,104,5/1/2025 01:13,5/1/2025 16:57,Paperwork
615,Orbadiah Karolewski,74,Male,942-273-7746,103,5/1/2025 23:20,5/1/2025 16:02,Service
616,Cassondra Nunes Nabarro,86,Female,938-369-8374,101,5/1/2025 11:17,5/1/2025 22:44,Service
617,Norina Gatlin,48,Female,904-716-8073,103,5/1/2025 00:20,5/1/2025 19:10,Service
618,Shelby Heathorn,23,Male,302-520-3635,102,5/1/2025 05:34,5/1/2025 22:40,View new car
619,Madeleine Custance,84,Female,153-904-2948,103,5/1/2025 21:21,5/1/2025 09:54,Paperwork
620,Bayard Worsnip,48,Male,989-975-8574,103,5/1/2025 08:05,5/1/2025 19:45,Test drive
621,Herman Gobbet,28,Male,366-530-4157,103,5/1/2025 23:53,5/1/2025 03:42,Test drive
622,Sam Brockbank,96,Female,507-432-4085,103,5/1/2025 05:58,5/1/2025 14:33,Paperwork
623,Mame Caddens,70,Female,740-370-4628,104,5/1/2025 09:37,5/1/2025 23:47,View new car
624,Caitrin Quinevan,32,Female,660-464-5482,102,5/1/2025 17:59,5/1/2025 02:16,Service
625,Ammamaria Farrall,29,Female,625-580-8217,104,5/1/2025 07:22,5/1/2025 14:09,Test drive
626,Sheffie Simunek,34,Male,711-895-4016,104,5/1/2025 05:27,5/1/2025 02:43,View new car
627,Flor Sporgeon,74,Female,148-359-2886,101,5/1/2025 05:51,5/1/2025 00:47,View new car
628,Stanly Lavelle,36,Male,119-874-1218,104,5/1/2025 03:43,5/1/2025 22:17,View new car
629,Zola Chivrall,39,Female,935-788-5554,101,5/1/2025 07:16,5/1/2025 10:45,View new car
630,Che Alesi,43,Male,122-872-0326,104,5/1/2025 15:52,5/1/2025 08:14,Test drive
631,Drake Dyde,65,Male,581-311-9365,101,5/1/2025 10:50,5/1/2025 21:25,Test drive
632,Ameline Hainey,87,Female,996-990-2315,103,5/1/2025 00:53,5/1/2025 14:20,Paperwork
633,Jeri Withams,76,Female,654-698-6856,104,5/1/2025 14:12,5/1/2025 02:02,Test drive
634,Tuesday Leabeater,79,Female,849-608-4400,101,5/1/2025 05:56,5/1/2025 13:03,View new car
635,Ciel Marikhin,81,Female,458-310-2377,101,5/1/2025 00:51,5/1/2025 20:06,Service
636,Seamus Flecknoe,81,Male,607-266-9497,103,5/1/2025 23:45,5/1/2025 09:43,Paperwork
637,Wilie Matula,57,Female,821-811-7723,103,5/1/2025 21:09,5/1/2025 14:18,View new car
638,Fancie Playford,49,Female,876-563-4060,104,5/1/2025 18:22,5/1/2025 15:18,Service
639,Krista Calabry,42,Female,504-861-5923,103,5/1/2025 12:45,5/1/2025 01:09,View new car
640,Ebeneser Lavrinov,51,Male,851-568-8545,103,5/1/2025 15:33,5/1/2025 04:19,Service
641,Grete Wanka,95,Female,755-181-6225,104,5/1/2025 22:13,5/1/2025 19:52,Service
642,Siobhan Gibling,52,Female,741-173-6556,103,5/1/2025 00:07,5/1/2025 15:33,Test drive
643,Wendye Killford,26,Female,605-105-7687,104,5/1/2025 20:38,5/1/2025 23:17,View new car
644,Vaughan Tennet,73,Male,126-619-9382,103,5/1/2025 20:57,5/1/2025 20:58,Paperwork
645,Noe Smewin,83,Male,998-119-4283,103,5/1/2025 08:28,5/1/2025 02:30,View new car
646,Eadmund Cavendish,90,Male,303-467-2898,101,5/1/2025 14:23,5/1/2025 07:13,Test drive
647,Fowler Colledge,78,Male,189-628-3260,104,5/1/2025 20:50,5/1/2025 13:33,Paperwork
648,Tersina Skeggs,100,Female,760-925-5290,102,5/1/2025 14:44,5/1/2025 13:08,Paperwork
649,Teodor Reinhardt,77,Male,487-884-9757,104,5/1/2025 23:20,5/1/2025 13:59,Paperwork
650,Lucy Stucksbury,69,Female,988-781-9552,104,5/1/2025 15:32,5/1/2025 03:25,Test drive
651,Tobiah Berridge,86,Male,621-432-7049,103,5/1/2025 00:44,5/1/2025 08:06,Service
652,Chicky Aggott,45,Female,834-981-8457,104,5/1/2025 04:33,5/1/2025 19:44,Paperwork
653,Avie Churches,33,Female,452-857-9257,101,5/1/2025 00:31,5/1/2025 23:12,View new car
654,Asa McAne,99,Male,628-233-8678,103,5/1/2025 03:55,5/1/2025 16:07,View new car
655,Johnathon Franckton,63,Male,185-113-6421,102,5/1/2025 07:47,5/1/2025 18:42,Service
656,Hasheem Dignam,30,Male,972-405-2356,104,5/1/2025 09:12,5/1/2025 07:00,Service
657,York Bowles,80,Male,375-423-2165,104,5/1/2025 17:06,5/1/2025 16:46,Test drive
658,Dillie Hubach,48,Male,591-967-3083,104,5/1/2025 12:27,5/1/2025 07:26,Paperwork
659,Goldy Cranmer,62,Female,783-590-5844,104,5/1/2025 14:41,5/1/2025 14:51,Service
660,Bern Lisciandro,82,Male,417-554-6471,101,5/1/2025 11:21,5/1/2025 15:22,Service
661,Goldi Todd,90,Female,777-994-3366,103,5/1/2025 17:28,5/1/2025 12:26,Service
662,Pierce Hamberstone,83,Male,394-834-4312,102,5/1/2025 03:17,5/1/2025 01:21,Test drive
663,Konrad Wille,31,Male,463-479-8839,101,5/1/2025 10:31,5/1/2025 09:16,Paperwork
664,Nonnah MacMaykin,100,Female,690-424-6577,104,5/1/2025 11:35,5/1/2025 23:50,Service
665,Alvin Austins,66,Male,956-332-4463,102,5/1/2025 11:18,5/1/2025 09:13,Service
666,Charo Shotbolt,43,Female,840-564-8887,102,5/1/2025 05:32,5/1/2025 16:15,Service
667,Averil Joder,54,Male,516-183-7476,103,5/1/2025 06:55,5/1/2025 08:33,Test drive
668,Ewell Allardyce,61,Male,789-365-7773,102,5/1/2025 02:25,5/1/2025 01:59,Service
669,Tome Tuite,34,Male,898-670-3080,103,5/1/2025 08:43,5/1/2025 07:22,Test drive
670,Ulberto Iseton,67,Male,193-368-8321,102,5/1/2025 00:24,5/1/2025 07:57,View new car
671,Lilllie Connar,27,Female,154-376-4582,101,5/1/2025 06:10,5/1/2025 23:36,Test drive
672,Elwood Florey,43,Male,956-490-6647,102,5/1/2025 15:33,5/1/2025 03:21,Test drive
673,Napoleon De Fries,78,Male,753-175-4326,101,5/1/2025 21:17,5/1/2025 22:08,Service
674,Smith Lestor,78,Male,607-342-4884,103,5/1/2025 18:53,5/1/2025 05:50,Test drive
675,Donica Avramov,50,Female,749-709-5821,104,5/1/2025 23:42,5/1/2025 05:00,Paperwork
676,Salem Treneer,41,Male,271-136-2682,103,5/1/2025 06:20,5/1/2025 07:11,View new car
677,Birch Rapp,84,Male,520-351-7992,104,5/1/2025 20:11,5/1/2025 10:35,Paperwork
678,Klarrisa Nicolson,24,Female,226-225-8362,102,5/1/2025 13:08,5/1/2025 21:44,Test drive
679,Moira Eaklee,73,Female,243-464-6689,104,5/1/2025 21:21,5/1/2025 15:34,Paperwork
680,Devlin Prinn,99,Male,839-784-3161,103,5/1/2025 01:37,5/1/2025 10:01,View new car
681,Sadye Paddell,50,Female,986-147-8371,104,5/1/2025 17:09,5/1/2025 01:41,View new car
682,Prisca Lemin,37,Female,805-229-7545,101,5/1/2025 13:52,5/1/2025 17:12,Service
683,Stefania Castangia,24,Female,274-142-4332,104,5/1/2025 02:54,5/1/2025 18:45,Service
684,Bartram Mattersley,83,Male,961-118-0472,101,5/1/2025 01:08,5/1/2025 22:34,Paperwork
685,Miguelita Guiot,87,Female,368-443-9815,103,5/1/2025 03:34,5/1/2025 07:29,Paperwork
686,Rolf Fenny,61,Male,211-216-9548,104,5/1/2025 01:39,5/1/2025 14:26,Test drive
687,Eldredge Doggart,52,Male,545-489-0088,102,5/1/2025 09:59,5/1/2025 13:49,Service
688,Karin Hardey,38,Female,146-147-4360,102,5/1/2025 11:24,5/1/2025 15:55,Test drive
689,Barron Pilmore,54,Male,214-437-2790,102,5/1/2025 12:52,5/1/2025 08:31,View new car
690,Estevan Swanton,34,Male,115-267-2025,101,5/1/2025 01:36,5/1/2025 21:17,Test drive
691,Blair Carolan,58,Male,411-414-1790,102,5/1/2025 03:03,5/1/2025 19:11,Service
692,Ricca Fieldsend,80,Female,772-444-5745,103,5/1/2025 16:59,5/1/2025 17:03,Paperwork
693,James Risby,29,Male,454-780-3781,102,5/1/2025 13:02,5/1/2025 02:19,Test drive
694,Bing Mabon,41,Male,342-461-6927,104,5/1/2025 19:04,5/1/2025 07:15,View new car
695,Celie Ettery,20,Female,651-378-7846,102,5/1/2025 21:32,5/1/2025 11:48,Paperwork
696,Benjamen Memmory,58,Male,795-132-8656,102,5/1/2025 13:12,5/1/2025 12:38,Service
697,Augustine Have,51,Female,518-319-0890,101,5/1/2025 05:13,5/1/2025 10:54,View new car
698,Sigmund Cordle,81,Male,213-309-4531,103,5/1/2025 18:36,5/1/2025 22:53,Service
699,Ray Pudsey,44,Male,837-486-7050,104,5/1/2025 07:09,5/1/2025 07:27,View new car
700,Dael Wadmore,92,Male,380-780-1263,101,5/1/2025 23:24,5/1/2025 12:07,View new car
701,Ephrayim Worstall,91,Male,402-676-5066,101,5/1/2025 00:29,5/1/2025 11:44,Service
702,Marta Pretsel,75,Female,379-129-7033,101,5/1/2025 19:06,5/1/2025 07:37,Paperwork
703,Peta Frantz,49,Female,382-556-7350,101,5/1/2025 02:59,5/1/2025 03:27,Paperwork
704,Shadow Alderwick,24,Male,724-232-3842,104,5/1/2025 07:06,5/1/2025 18:13,Service
705,Rooney Kubu,86,Male,734-455-3985,102,5/1/2025 05:55,5/1/2025 03:03,Paperwork
706,Krystle Starbuck,90,Female,815-146-4440,101,5/1/2025 20:50,5/1/2025 16:18,Service
707,Aleece Ludwig,28,Female,425-146-7331,103,5/1/2025 23:31,5/1/2025 22:37,Paperwork
708,Tommie Dyke,49,Male,883-611-5332,103,5/1/2025 21:41,5/1/2025 12:56,Test drive
709,Hector Levick,38,Male,678-954-5547,102,5/1/2025 03:15,5/1/2025 07:36,Service
710,Manolo Patching,91,Male,245-341-4307,103,5/1/2025 09:07,5/1/2025 11:11,Test drive
711,Edan Gianelli,32,Male,552-179-6507,104,5/1/2025 09:05,5/1/2025 14:57,View new car
712,Sully Cresar,52,Male,782-736-2472,103,5/1/2025 03:25,5/1/2025 14:05,View new car
713,Tedi Legan,54,Female,697-310-4312,103,5/1/2025 23:51,5/1/2025 07:40,Paperwork
714,Lind Boas,76,Male,868-651-3999,103,5/1/2025 22:18,5/1/2025 23:50,View new car
715,Lazaro Kershow,46,Male,163-550-7433,101,5/1/2025 08:01,5/1/2025 16:24,Test drive
716,Clayton Codd,61,Male,763-785-0014,104,5/1/2025 19:41,5/1/2025 04:47,Test drive
717,Natala Pooke,57,Female,443-881-0701,104,5/1/2025 06:36,5/1/2025 20:05,Test drive
718,Richard Dayton,99,Male,119-505-0011,102,5/1/2025 21:04,5/1/2025 04:01,View new car
719,Ferdinand Firidolfi,25,Male,513-596-4668,102,5/1/2025 16:55,5/1/2025 16:10,View new car
720,Tymothy Esp,62,Male,782-799-3603,104,5/1/2025 03:33,5/1/2025 11:10,Test drive
721,Lyndy Meriel,85,Female,742-616-7483,103,5/1/2025 09:58,5/1/2025 06:54,Service
722,Darelle Cadalleder,73,Female,970-274-2180,104,5/1/2025 01:17,5/1/2025 01:47,Test drive
723,Sophi Hanney,82,Female,726-118-5314,102,5/1/2025 19:30,5/1/2025 12:08,Test drive
724,Daisy Hazeman,86,Female,522-706-7738,103,5/1/2025 10:07,5/1/2025 18:32,Service
725,Willdon Leyband,70,Male,815-603-7749,104,5/1/2025 15:04,5/1/2025 19:08,Paperwork
726,Corbie Philippson,79,Male,746-517-5469,104,5/1/2025 05:59,5/1/2025 23:13,View new car
727,Nigel Churcher,88,Male,884-549-9455,102,5/1/2025 07:04,5/1/2025 22:21,View new car
728,Yancy Tink,51,Male,509-678-3549,104,5/1/2025 22:53,5/1/2025 04:05,View new car
729,Jayson Orcott,49,Male,373-213-4350,104,5/1/2025 01:50,5/1/2025 19:38,Test drive
730,Cullen Bartak,77,Male,135-260-5900,101,5/1/2025 12:49,5/1/2025 04:37,View new car
731,Kathleen Callar,49,Female,938-604-3519,101,5/1/2025 22:35,5/1/2025 06:58,Paperwork
732,Raviv Dory,27,Male,815-459-8141,103,5/1/2025 10:53,5/1/2025 21:44,View new car
733,Leonora Cromly,63,Female,826-337-6555,103,5/1/2025 21:02,5/1/2025 21:47,Test drive
734,Monty Sincock,46,Male,833-365-9412,104,5/1/2025 00:16,5/1/2025 12:23,Service
735,Rafaela D'Alesco,54,Female,950-953-0116,102,5/1/2025 02:04,5/1/2025 17:47,Test drive
736,Lanna Dibbs,69,Female,451-546-2672,104,5/1/2025 08:42,5/1/2025 14:10,Test drive
737,Lucy McTrustam,79,Female,185-653-8834,104,5/1/2025 00:37,5/1/2025 01:06,View new car
738,Shirline Cordero,29,Female,829-904-3144,103,5/1/2025 05:26,5/1/2025 06:11,Service
739,Konstantin Arunowicz,50,Male,961-549-7901,103,5/1/2025 10:11,5/1/2025 22:22,Paperwork
740,Ardys Wawer,35,Female,486-179-6849,101,5/1/2025 06:29,5/1/2025 12:23,Paperwork
741,Jennine Mallaby,50,Female,754-357-2363,101,5/1/2025 04:59,5/1/2025 00:57,Service
742,Godfrey Withinshaw,68,Male,320-832-9608,103,5/1/2025 22:16,5/1/2025 22:23,View new car
743,Minette Matkin,60,Female,454-581-5166,103,5/1/2025 20:24,5/1/2025 06:01,Paperwork
744,Demetria Iiannone,51,Female,983-739-1829,102,5/1/2025 07:02,5/1/2025 17:53,View new car
745,Hirsch McSorley,89,Male,469-243-2501,103,5/1/2025 08:34,5/1/2025 16:35,Test drive
746,Mendie Claxton,69,Male,652-702-5765,101,5/1/2025 01:43,5/1/2025 07:34,Test drive
747,Ophelia Marques,87,Female,606-776-4108,102,5/1/2025 12:00,5/1/2025 18:37,Test drive
748,Ethelred McGaugey,89,Male,180-674-6285,104,5/1/2025 08:18,5/1/2025 10:01,Paperwork
749,Wilbert Eskriett,63,Male,982-762-0770,104,5/1/2025 10:56,5/1/2025 12:51,Paperwork
750,Cal Fransinelli,38,Female,116-140-7579,102,5/1/2025 13:12,5/1/2025 20:21,View new car
751,Kynthia Dranfield,60,Female,538-472-5263,101,5/1/2025 12:55,5/1/2025 00:55,Paperwork
752,Chariot Ambler,68,Male,270-593-6710,104,5/1/2025 04:07,5/1/2025 08:54,View new car
753,Moll Edyson,50,Female,947-105-4462,103,5/1/2025 05:53,5/1/2025 19:05,Test drive
754,Sofie Eseler,92,Female,109-599-0054,102,5/1/2025 10:42,5/1/2025 16:36,View new car
755,Chaunce Taplin,55,Male,623-618-6376,104,5/1/2025 05:07,5/1/2025 16:53,Service
756,Cart Standrin,59,Male,317-430-1668,101,5/1/2025 21:13,5/1/2025 12:04,Test drive
757,Clay Boadby,56,Male,486-982-9884,103,5/1/2025 00:55,5/1/2025 14:47,Test drive
758,Tab Raper,66,Male,350-136-2713,104,5/1/2025 16:32,5/1/2025 01:48,Paperwork
759,Felice Djurkovic,96,Male,398-168-2716,104,5/1/2025 16:23,5/1/2025 19:40,Test drive
760,Amanda Densham,60,Female,160-117-2226,103,5/1/2025 14:10,5/1/2025 08:44,Paperwork
761,Pavla Lambal,82,Female,773-429-9189,101,5/1/2025 00:16,5/1/2025 17:44,Test drive
762,Talia Meachan,19,Female,826-683-0410,102,5/1/2025 17:05,5/1/2025 08:13,View new car
763,Trudi Eddies,59,Female,550-655-1266,101,5/1/2025 12:25,5/1/2025 14:28,Paperwork
764,Eberhard Henstridge,97,Male,940-861-3255,104,5/1/2025 09:28,5/1/2025 16:38,Paperwork
765,Lauritz Leppington,55,Male,617-510-4135,101,5/1/2025 02:13,5/1/2025 10:44,Paperwork
766,Betteanne Seide,66,Female,466-715-8762,102,5/1/2025 15:56,5/1/2025 17:13,Paperwork
767,Rozelle Kupisz,66,Female,285-642-2766,102,5/1/2025 11:33,5/1/2025 13:11,View new car
768,Lana Torvey,78,Female,658-737-7757,104,5/1/2025 05:51,5/1/2025 20:13,Paperwork
769,Kimmy Claussen,40,Female,753-576-2518,103,5/1/2025 11:58,5/1/2025 10:48,View new car
770,Edyth Solomon,64,Female,446-657-2090,103,5/1/2025 03:08,5/1/2025 22:32,Test drive
771,Ophelia Shuter,82,Female,195-239-4064,101,5/1/2025 21:28,5/1/2025 11:46,Test drive
772,Emera Sparks,63,Female,982-327-8196,103,5/1/2025 21:40,5/1/2025 05:49,View new car
773,Adan Cheng,90,Female,972-226-4458,103,5/1/2025 10:44,5/1/2025 22:48,Service
774,Naomi Espinet,78,Female,892-537-4957,102,5/1/2025 00:03,5/1/2025 06:12,Paperwork
775,Shauna McConway,66,Female,590-575-3521,103,5/1/2025 17:29,5/1/2025 01:50,View new car
776,Ive Mapples,70,Male,261-567-2362,102,5/1/2025 05:47,5/1/2025 11:04,View new car
777,Tiffi Anthonies,36,Female,521-794-7935,102,5/1/2025 22:18,5/1/2025 22:46,Test drive
778,Manuel Richardeau,40,Male,209-932-5306,103,5/1/2025 06:21,5/1/2025 14:43,Test drive
779,Fawne Hamby,32,Female,465-553-9022,101,5/1/2025 12:56,5/1/2025 00:42,View new car
780,Adrea Ollander,42,Female,173-916-1388,103,5/1/2025 02:27,5/1/2025 00:33,Test drive
781,Judah O'Siaghail,38,Male,478-966-8652,103,5/1/2025 06:57,5/1/2025 08:51,Service
782,Fran Rothermel,21,Male,405-930-4168,102,5/1/2025 13:02,5/1/2025 14:49,View new car
783,Guendolen Powley,50,Female,665-212-4161,102,5/1/2025 04:09,5/1/2025 21:52,Paperwork
784,Robbi Duddell,89,Female,630-495-2916,104,5/1/2025 08:52,5/1/2025 07:46,View new car
785,Guthry Poston,52,Male,133-803-9354,102,5/1/2025 03:05,5/1/2025 00:54,Service
786,Mackenzie Warland,27,Male,903-806-8975,103,5/1/2025 02:24,5/1/2025 02:40,Paperwork
787,Bayard Lampet,90,Male,720-942-2151,103,5/1/2025 12:12,5/1/2025 10:40,View new car
788,Mitch Hairs,51,Male,600-116-5904,101,5/1/2025 13:27,5/1/2025 22:09,Paperwork
789,Adda Rabjohns,41,Female,205-491-0830,104,5/1/2025 23:26,5/1/2025 01:05,Test drive
790,Emilia Conyard,89,Female,239-794-0538,102,5/1/2025 07:41,5/1/2025 09:45,Service
791,Millie Eddleston,62,Female,305-387-3139,103,5/1/2025 11:00,5/1/2025 20:59,View new car
792,Jorge Brumpton,33,Male,167-198-1081,101,5/1/2025 01:19,5/1/2025 10:19,Service
793,Ashton Iskowicz,84,Male,303-152-5753,102,5/1/2025 18:19,5/1/2025 08:45,Paperwork
794,Cheri Gamett,19,Female,922-168-6363,102,5/1/2025 10:52,5/1/2025 14:21,View new car
795,Noelani Gazzard,30,Female,165-756-0748,102,5/1/2025 19:04,5/1/2025 13:04,Test drive
796,Corty Arnaez,21,Male,329-856-8278,101,5/1/2025 10:52,5/1/2025 05:47,Service
797,Meridel Patkin,61,Female,879-475-0188,103,5/1/2025 10:45,5/1/2025 00:19,Paperwork
798,Audrie Quarrie,81,Female,883-252-8010,103,5/1/2025 13:54,5/1/2025 02:41,Test drive
799,Anastasie Gypps,61,Female,246-153-9993,103,5/1/2025 00:12,5/1/2025 02:46,View new car
800,Kendall Arpino,81,Male,904-177-5034,103,5/1/2025 08:33,5/1/2025 06:44,Test drive
801,Ulick Bestiman,52,Male,321-297-5288,104,5/1/2025 22:33,5/1/2025 16:34,Service
802,Selby Cardwell,78,Male,330-439-0006,102,5/1/2025 07:56,5/1/2025 02:15,Test drive
803,Ev Rizzone,41,Male,668-250-4767,101,5/1/2025 07:23,5/1/2025 11:38,Service
804,Osmund Whimp,32,Male,768-839-5935,104,5/1/2025 11:28,5/1/2025 22:42,Paperwork
805,Morganica Derell,95,Female,213-912-3478,103,5/1/2025 18:01,5/1/2025 21:05,View new car
806,Jackquelin Forrestall,46,Female,909-860-1965,103,5/1/2025 20:22,5/1/2025 11:44,Service
807,Therese Rabley,88,Female,848-852-0754,104,5/1/2025 22:41,5/1/2025 21:07,Test drive
808,Quintus Scanlon,45,Male,834-404-1111,103,5/1/2025 11:44,5/1/2025 05:33,Paperwork
809,Bailey Southway,48,Male,489-709-4514,103,5/1/2025 22:21,5/1/2025 09:42,Test drive
810,Edita Caltun,92,Female,834-382-2595,103,5/1/2025 04:31,5/1/2025 10:43,Paperwork
811,Salvidor Dalgleish,51,Male,384-301-2355,102,5/1/2025 06:42,5/1/2025 09:02,Test drive
812,Myrah Pollastrone,76,Female,595-611-4485,101,5/1/2025 17:25,5/1/2025 05:09,Service
813,Gabriele Chadburn,63,Male,244-953-1883,103,5/1/2025 16:50,5/1/2025 20:34,View new car
814,Lorry Flexman,97,Female,289-703-6736,104,5/1/2025 11:03,5/1/2025 23:40,Service
815,Chalmers Faldoe,93,Male,138-843-9636,103,5/1/2025 07:26,5/1/2025 02:05,Paperwork
816,Alameda Frude,82,Female,249-795-7742,102,5/1/2025 15:43,5/1/2025 04:06,Paperwork
817,Franky Hitzke,26,Male,959-615-8097,103,5/1/2025 16:57,5/1/2025 07:28,Paperwork
818,Janith Allin,62,Female,113-702-4377,101,5/1/2025 06:16,5/1/2025 00:53,Paperwork
819,Fremont Macari,33,Male,306-637-1414,103,5/1/2025 16:27,5/1/2025 07:08,View new car
820,Nataniel Bury,31,Male,286-847-4356,104,5/1/2025 23:42,5/1/2025 17:08,View new car
821,Ronda Kemer,60,Female,155-972-8306,104,5/1/2025 18:47,5/1/2025 20:46,Paperwork
822,Winfred Michel,47,Male,246-507-3247,102,5/1/2025 18:51,5/1/2025 11:06,Paperwork
823,Heinrick Worthington,33,Male,368-192-8148,101,5/1/2025 02:41,5/1/2025 10:14,Paperwork
824,Karin Gadault,52,Female,409-697-8386,101,5/1/2025 14:11,5/1/2025 05:59,Paperwork
825,Reinwald Walthew,87,Male,172-314-0183,104,5/1/2025 02:37,5/1/2025 04:22,Service
826,Svend St. Clair,28,Male,823-109-6986,104,5/1/2025 23:37,5/1/2025 01:47,View new car
827,Lisette Pykerman,88,Female,258-544-5047,103,5/1/2025 08:54,5/1/2025 23:21,Paperwork
828,Carleton Lafrentz,26,Male,230-729-4668,103,5/1/2025 21:07,5/1/2025 18:11,Test drive
829,Finn Halls,23,Male,769-506-5025,102,5/1/2025 11:35,5/1/2025 02:05,Test drive
830,Bria Del Castello,20,Female,498-739-4359,102,5/1/2025 01:37,5/1/2025 13:41,Paperwork
831,Carolin Klimushev,34,Female,309-876-9135,102,5/1/2025 13:58,5/1/2025 20:21,Paperwork
832,Jeremias Mordey,25,Male,473-928-6475,104,5/1/2025 08:15,5/1/2025 05:27,View new car
833,Lauri Beet,66,Female,550-163-6210,102,5/1/2025 12:41,5/1/2025 10:13,Paperwork
834,Sim Lilley,78,Male,205-805-4794,103,5/1/2025 09:57,5/1/2025 20:27,View new car
835,Cortney Mosdall,88,Female,315-222-2249,101,5/1/2025 20:42,5/1/2025 13:10,Service
836,Steffane Freeborn,68,Female,726-331-9751,101,5/1/2025 23:55,5/1/2025 22:55,View new car
837,Nat Shiell,56,Female,987-641-6276,104,5/1/2025 03:44,5/1/2025 18:59,View new car
838,Arnie Skitral,71,Male,880-895-7757,101,5/1/2025 12:03,5/1/2025 15:33,Test drive
839,Gunner Barford,61,Male,335-607-7039,103,5/1/2025 22:31,5/1/2025 02:01,Test drive
840,Rafaellle Lewcock,31,Male,501-528-5663,104,5/1/2025 06:46,5/1/2025 06:45,View new car
841,Cullan Marris,84,Male,215-784-8658,101,5/1/2025 16:06,5/1/2025 05:13,Service
842,Donnie Ellesworth,67,Male,127-595-4624,103,5/1/2025 00:23,5/1/2025 11:34,View new car
843,Tanny Moohan,50,Male,597-244-1459,102,5/1/2025 23:10,5/1/2025 20:24,Paperwork
844,Murray Culbard,69,Male,533-412-0536,102,5/1/2025 09:08,5/1/2025 08:30,View new car
845,Sharia Mulrean,35,Female,489-657-1702,103,5/1/2025 18:57,5/1/2025 20:32,View new car
846,Delly Korn,64,Female,528-382-0992,103,5/1/2025 11:56,5/1/2025 23:00,View new car
847,Hogan Sylvaine,71,Male,781-278-5811,101,5/1/2025 19:49,5/1/2025 18:08,Paperwork
848,Candida Hartly,74,Female,813-828-7857,101,5/1/2025 11:13,5/1/2025 04:21,Service
849,Meredith Howselee,76,Male,366-300-1290,104,5/1/2025 18:13,5/1/2025 19:35,Test drive
850,Lucina Quantrill,86,Female,964-208-4051,104,5/1/2025 20:23,5/1/2025 18:40,Test drive
851,Shay Sebrook,21,Male,372-349-2759,102,5/1/2025 20:18,5/1/2025 03:30,View new car
852,Ewart McDougald,26,Male,867-615-2696,102,5/1/2025 15:45,5/1/2025 20:34,Test drive
853,Cybill Phillimore,84,Female,567-877-8069,104,5/1/2025 17:07,5/1/2025 17:02,Test drive
854,Mohammed Emlin,60,Male,611-738-2452,103,5/1/2025 01:18,5/1/2025 18:58,Test drive
855,Federico Longhorn,71,Male,148-858-5774,101,5/1/2025 15:37,5/1/2025 23:41,Service
856,Nani Bridie,38,Female,904-623-2359,103,5/1/2025 15:41,5/1/2025 19:48,Service
857,Madlen Pitcaithley,82,Female,129-410-2823,102,5/1/2025 17:56,5/1/2025 09:09,Test drive
858,Evey Haps,32,Female,555-810-1637,103,5/1/2025 23:42,5/1/2025 19:47,View new car
859,Hanson Phoenix,26,Male,795-509-1886,102,5/1/2025 09:52,5/1/2025 20:27,Paperwork
860,Drusie McKernon,54,Female,446-271-4343,101,5/1/2025 06:35,5/1/2025 23:49,Paperwork
861,Oralie Pourvoieur,84,Female,690-779-9163,102,5/1/2025 21:08,5/1/2025 23:51,Paperwork
862,Quincey Fusedale,57,Male,897-707-1021,103,5/1/2025 12:15,5/1/2025 13:16,Service
863,Pembroke Bleier,91,Male,401-821-8511,103,5/1/2025 05:06,5/1/2025 11:58,Paperwork
864,Ulrica Matthew,53,Female,181-290-4406,103,5/1/2025 11:16,5/1/2025 19:38,View new car
865,Moshe Collicott,53,Male,755-314-4005,101,5/1/2025 03:55,5/1/2025 01:00,Service
866,Den Fernely,22,Male,623-565-8023,102,5/1/2025 06:09,5/1/2025 09:27,Service
867,Horten Allbut,94,Male,275-901-2848,104,5/1/2025 16:31,5/1/2025 06:11,Test drive
868,Jilli Canto,84,Female,486-848-6292,103,5/1/2025 20:21,5/1/2025 08:06,Paperwork
869,Bibbye Minchinden,30,Female,929-480-8098,102,5/1/2025 02:45,5/1/2025 16:14,View new car
870,Gabriel Bresnen,43,Male,236-729-7546,103,5/1/2025 08:02,5/1/2025 05:37,View new car
871,Whitman Aleshintsev,90,Male,237-211-0341,102,5/1/2025 19:53,5/1/2025 16:53,View new car
872,Stormie Brame,99,Female,916-621-1622,104,5/1/2025 04:05,5/1/2025 02:51,Test drive
873,Laureen Lionel,52,Female,981-789-8979,101,5/1/2025 16:45,5/1/2025 17:00,View new car
874,Marven Daughton,48,Male,613-349-6350,102,5/1/2025 19:10,5/1/2025 14:20,Test drive
875,Hinze O'Hoolahan,95,Male,533-566-8076,104,5/1/2025 12:57,5/1/2025 16:05,View new car
876,Ellwood Goby,41,Male,634-597-0248,104,5/1/2025 05:27,5/1/2025 22:32,Paperwork
877,Mufinella Cristofor,64,Female,928-663-2400,102,5/1/2025 10:19,5/1/2025 21:05,Paperwork
878,Malynda Paske,96,Female,856-683-6404,104,5/1/2025 23:24,5/1/2025 03:49,View new car
879,Lorne Vallerine,74,Female,588-907-1683,104,5/1/2025 21:14,5/1/2025 07:57,View new car
880,Florri Houdmont,67,Female,880-857-4164,103,5/1/2025 06:22,5/1/2025 17:21,Paperwork
881,Jodee Saggers,32,Female,473-163-5318,104,5/1/2025 16:23,5/1/2025 21:03,Service
882,Tessie Jeune,27,Female,654-712-9751,104,5/1/2025 08:42,5/1/2025 03:48,View new car
883,Bink Podd,78,Male,376-657-2420,101,5/1/2025 18:37,5/1/2025 00:20,Service
884,Yolanthe Skilling,91,Female,795-660-5756,102,5/1/2025 06:45,5/1/2025 21:44,Test drive
885,Klement Vivash,36,Male,599-608-0444,103,5/1/2025 22:21,5/1/2025 08:56,Test drive
886,Mollee Armes,67,Female,581-904-5074,102,5/1/2025 11:45,5/1/2025 05:07,View new car
887,Danice Baseggio,86,Female,820-515-8996,103,5/1/2025 23:32,5/1/2025 19:39,Test drive
888,Ladonna Koppelmann,94,Female,295-697-6801,102,5/1/2025 11:32,5/1/2025 22:20,Test drive
889,Muffin Brunelli,65,Male,230-233-8340,101,5/1/2025 12:06,5/1/2025 02:01,View new car
890,Tyson Vasyunichev,71,Male,899-431-9844,103,5/1/2025 15:45,5/1/2025 05:05,View new car
891,Elva Balharry,79,Female,457-286-8768,103,5/1/2025 01:44,5/1/2025 18:45,Paperwork
892,Cass Blaney,84,Female,179-522-1277,104,5/1/2025 21:37,5/1/2025 13:44,Service
893,Estella McCorkell,69,Female,388-219-8594,104,5/1/2025 04:16,5/1/2025 04:25,View new car
894,Raynard Axelbee,89,Male,127-376-3133,103,5/1/2025 20:30,5/1/2025 18:06,Service
895,Roberta Gwinnel,35,Female,109-475-8191,104,5/1/2025 15:49,5/1/2025 09:14,Paperwork
896,Rurik Yanov,51,Male,910-240-5703,104,5/1/2025 13:16,5/1/2025 01:25,Service
897,Wilton Olphert,30,Male,461-538-4198,103,5/1/2025 04:12,5/1/2025 16:56,View new car
898,Kimberlee Grenshiels,54,Female,918-690-7593,104,5/1/2025 15:15,5/1/2025 08:42,Service
899,Mylo Beranek,81,Male,845-834-4636,102,5/1/2025 19:05,5/1/2025 09:28,View new car
900,Cleavland Attwoul,26,Male,498-663-8453,102,5/1/2025 12:18,5/1/2025 22:10,View new car
901,Dukey Woolfitt,91,Male,568-834-2070,102,5/1/2025 13:56,5/1/2025 23:46,Paperwork
902,Noah Monnoyer,29,Male,330-282-7997,103,5/1/2025 16:53,5/1/2025 14:28,Service
903,Fernandina Ingolotti,67,Female,490-847-4863,102,5/1/2025 16:54,5/1/2025 13:44,Test drive
904,Gianna Brumbye,60,Female,892-327-6511,103,5/1/2025 06:03,5/1/2025 16:28,Paperwork
905,Damaris Saxton,33,Female,745-147-5550,102,5/1/2025 05:58,5/1/2025 02:28,Service
906,Udell Zuppa,99,Male,384-833-6398,103,5/1/2025 16:33,5/1/2025 00:55,Test drive
907,Pearline Rosenfield,64,Female,262-923-0385,103,5/1/2025 04:55,5/1/2025 12:24,Test drive
908,Josephine Joddins,99,Female,319-773-2240,103,5/1/2025 06:45,5/1/2025 21:29,Service
909,Kameko Reisin,54,Female,348-588-2078,101,5/1/2025 02:45,5/1/2025 12:53,Service
910,Agnesse Garrals,52,Female,970-105-7002,103,5/1/2025 04:58,5/1/2025 23:44,Paperwork
911,Anita Trowbridge,78,Female,676-201-8543,104,5/1/2025 21:34,5/1/2025 06:46,View new car
912,Catherine Lebell,63,Female,489-358-7088,104,5/1/2025 07:59,5/1/2025 13:06,Service
913,Deana Stoyle,87,Female,398-353-7403,101,5/1/2025 20:05,5/1/2025 07:45,Test drive
914,Durward Kittman,95,Male,453-670-1178,103,5/1/2025 00:39,5/1/2025 05:03,Service
915,Davida Davydenko,33,Female,370-960-8544,101,5/1/2025 17:16,5/1/2025 23:33,Service
916,Rheba Van Halle,60,Female,700-535-2588,104,5/1/2025 19:17,5/1/2025 11:25,View new car
917,Anselma Rushton,38,Female,272-806-9896,102,5/1/2025 05:35,5/1/2025 14:47,Paperwork
918,Archy Lawrance,100,Male,206-735-1071,104,5/1/2025 13:38,5/1/2025 04:47,View new car
919,Modestine Heaselgrave,80,Female,828-893-3083,101,5/1/2025 23:07,5/1/2025 10:45,View new car
920,Jinny Dibdin,56,Female,135-748-9673,101,5/1/2025 19:19,5/1/2025 01:25,Service
921,Abra O'Kinneally,68,Female,319-642-7223,103,5/1/2025 15:58,5/1/2025 00:59,Service
922,Arlette Slatford,92,Female,752-793-2830,102,5/1/2025 12:00,5/1/2025 19:25,View new car
923,Rickie de Guise,79,Female,962-433-2459,103,5/1/2025 17:04,5/1/2025 12:12,View new car
924,Jillie Pountain,96,Female,283-433-8890,102,5/1/2025 03:51,5/1/2025 14:50,Paperwork
925,Aurilia Kiendl,73,Female,274-286-3235,101,5/1/2025 13:33,5/1/2025 19:24,View new car
926,Yoko Scullin,66,Female,969-849-3636,101,5/1/2025 19:39,5/1/2025 01:05,Service
927,Austin Feilden,70,Male,820-840-5336,101,5/1/2025 07:15,5/1/2025 20:04,Paperwork
928,Cob Reisk,93,Male,134-195-6524,104,5/1/2025 04:44,5/1/2025 18:29,Paperwork
929,Franklin Darbishire,26,Male,245-673-0425,102,5/1/2025 06:52,5/1/2025 12:50,Test drive
930,Laurianne Brandes,73,Female,456-874-5900,102,5/1/2025 19:48,5/1/2025 01:48,Paperwork
931,Agnes Skylett,35,Female,786-930-2367,102,5/1/2025 20:08,5/1/2025 13:21,Service
932,Chandra Asken,79,Female,861-653-7679,103,5/1/2025 18:22,5/1/2025 09:11,Test drive
933,Porter Proudlove,56,Male,635-821-7937,101,5/1/2025 16:17,5/1/2025 02:54,Paperwork
934,Dionysus Quig,90,Male,514-183-3024,104,5/1/2025 11:57,5/1/2025 19:17,Test drive
935,Sax Choppen,71,Male,335-727-3262,101,5/1/2025 04:08,5/1/2025 08:04,View new car
936,Kermie Barrowcliffe,58,Male,282-305-4386,104,5/1/2025 20:11,5/1/2025 13:08,Paperwork
937,Urbanus Easeman,100,Male,557-293-8881,104,5/1/2025 07:26,5/1/2025 16:22,Paperwork
938,Lou Regnard,57,Male,738-776-5457,101,5/1/2025 09:24,5/1/2025 03:10,View new car
939,Ev Shurrocks,76,Male,435-481-7774,104,5/1/2025 14:05,5/1/2025 13:30,Test drive
940,Barty Folbige,98,Male,336-337-1469,104,5/1/2025 06:56,5/1/2025 00:20,View new car
941,Morten Ivanenko,90,Male,711-975-0709,102,5/1/2025 02:05,5/1/2025 16:12,Test drive
942,Benson Lennard,34,Male,301-574-0422,104,5/1/2025 12:06,5/1/2025 13:40,Service
943,Gradeigh Howgego,75,Male,645-507-8392,101,5/1/2025 18:04,5/1/2025 14:23,View new car
944,Peter McGowran,50,Male,684-250-3074,104,5/1/2025 06:13,5/1/2025 03:06,View new car
945,Drake Houchin,48,Male,101-200-0259,103,5/1/2025 02:38,5/1/2025 01:29,Test drive
946,Jillayne Kleewein,18,Female,750-157-6852,101,5/1/2025 01:19,5/1/2025 05:50,View new car
947,Elysha Ramey,44,Female,921-924-6924,101,5/1/2025 03:39,5/1/2025 13:29,Service
948,Neron Boulsher,84,Male,958-786-9405,103,5/1/2025 09:31,5/1/2025 01:55,View new car
949,Carolyne Amburgy,90,Female,977-746-0412,101,5/1/2025 09:23,5/1/2025 22:58,Paperwork
950,Andy Surfleet,54,Male,417-215-3778,104,5/1/2025 12:09,5/1/2025 07:34,Service
951,Judas Addy,68,Male,667-865-5082,103,5/1/2025 07:46,5/1/2025 16:55,Test drive
952,Cloris Jorioz,48,Female,760-374-5493,103,5/1/2025 02:41,5/1/2025 19:31,Paperwork
953,Isis Ricardo,53,Female,141-753-3627,102,5/1/2025 15:43,5/1/2025 22:00,Paperwork
954,Waneta Giorgeschi,36,Female,624-895-4759,104,5/1/2025 15:31,5/1/2025 18:43,Test drive
955,Merilyn Dumblton,95,Female,433-356-6431,103,5/1/2025 22:50,5/1/2025 12:08,Test drive
956,Kelwin Coventry,52,Male,625-568-5664,103,5/1/2025 13:09,5/1/2025 12:14,View new car
957,Jacquie Booty,84,Female,811-180-7908,102,5/1/2025 04:20,5/1/2025 16:17,Test drive
958,Starr Cobson,58,Female,213-664-3403,103,5/1/2025 05:44,5/1/2025 13:16,Service
959,Saunderson Daley,33,Male,435-498-7769,104,5/1/2025 18:44,5/1/2025 23:03,View new car
960,Nellie Cudbird,87,Female,326-539-8303,104,5/1/2025 15:36,5/1/2025 03:23,Test drive
961,Titus Fellman,77,Male,403-323-7457,101,5/1/2025 09:46,5/1/2025 06:40,View new car
962,Shanna Bradwell,77,Female,158-252-1279,102,5/1/2025 07:23,5/1/2025 16:07,Service
963,Alexandros Bramont,18,Male,792-271-9682,102,5/1/2025 00:05,5/1/2025 12:57,View new car
964,Blithe Pawlaczyk,25,Female,376-688-1735,102,5/1/2025 01:13,5/1/2025 09:27,View new car
965,Verla Halpine,51,Female,935-426-7684,103,5/1/2025 03:19,5/1/2025 11:39,View new car
966,Harwilll Dodell,30,Male,323-292-9302,101,5/1/2025 23:58,5/1/2025 02:35,Paperwork
967,Dannie Tampen,88,Female,406-950-4097,104,5/1/2025 16:02,5/1/2025 07:32,Paperwork
968,Hamilton Boylan,31,Male,432-148-7834,101,5/1/2025 02:32,5/1/2025 12:01,Service
969,Malina Stapleton,28,Female,663-425-8674,104,5/1/2025 00:06,5/1/2025 09:37,Service
970,Garvin Soan,66,Male,470-821-3346,103,5/1/2025 23:40,5/1/2025 17:21,Paperwork
971,Mora Ghiotto,50,Female,766-120-1837,104,5/1/2025 12:49,5/1/2025 18:31,Paperwork
972,Bink Khalid,39,Male,872-389-6196,101,5/1/2025 15:43,5/1/2025 13:34,View new car
973,Xenos Barnbrook,98,Male,573-899-7040,101,5/1/2025 20:05,5/1/2025 16:38,View new car
974,Isiahi Sidebottom,75,Male,575-104-9856,102,5/1/2025 23:14,5/1/2025 15:01,Paperwork
975,Walton Doudny,76,Male,257-883-0973,104,5/1/2025 15:15,5/1/2025 00:23,Test drive
976,Morey Brownsea,95,Male,840-830-9047,103,5/1/2025 12:25,5/1/2025 09:39,Paperwork
977,Blondelle Feldfisher,49,Female,915-823-2080,103,5/1/2025 06:42,5/1/2025 03:19,Paperwork
978,Coleman Smart,79,Male,155-761-2205,104,5/1/2025 01:30,5/1/2025 14:44,View new car
979,Byram D'Hooge,49,Male,507-744-8628,102,5/1/2025 18:51,5/1/2025 16:33,Service
980,Guy Mattheeuw,94,Male,111-962-0877,101,5/1/2025 16:04,5/1/2025 09:14,Paperwork
981,Cindie Newlin,85,Female,737-248-1896,103,5/1/2025 07:24,5/1/2025 02:52,Service
982,Tommi Hearn,84,Female,863-397-5428,104,5/1/2025 13:02,5/1/2025 20:17,Service
983,Rolph Challender,83,Male,595-462-7819,102,5/1/2025 12:26,5/1/2025 03:37,Service
984,Randa Tokley,45,Female,700-604-9489,102,5/1/2025 07:56,5/1/2025 21:08,View new car
985,Bianka Allcott,69,Female,474-501-0525,104,5/1/2025 02:32,5/1/2025 19:12,View new car
986,Jacquenetta Dulwitch,50,Female,202-249-2294,102,5/1/2025 05:36,5/1/2025 02:40,Service
987,Emmaline Lisciandri,92,Female,189-861-3679,102,5/1/2025 06:27,5/1/2025 02:38,Service
988,Inger Fisbey,64,Male,609-265-5739,102,5/1/2025 13:02,5/1/2025 21:05,Test drive
989,Anabelle Harse,91,Female,484-518-7642,104,5/1/2025 19:06,5/1/2025 22:32,View new car
990,Kalvin Deeson,43,Male,506-376-4487,101,5/1/2025 12:44,5/1/2025 01:07,Service
991,Bridgette Tumbridge,39,Female,803-716-4082,101,5/1/2025 08:29,5/1/2025 18:50,Service
992,Michell Sandilands,68,Female,787-876-7073,104,5/1/2025 23:19,5/1/2025 21:15,Test drive
993,Shirleen Dumsday,91,Female,682-444-9329,101,5/1/2025 02:47,5/1/2025 15:07,View new car
994,Dunn Beresford,88,Male,273-221-0380,101,5/1/2025 12:43,5/1/2025 22:15,View new car
995,Hube Risom,66,Male,498-122-6737,101,5/1/2025 13:24,5/1/2025 01:03,View new car
996,Corty Criple,94,Male,452-415-5864,101,5/1/2025 11:01,5/1/2025 10:10,Paperwork
997,Renell Leavy,51,Female,850-297-1463,104,5/1/2025 15:59,5/1/2025 18:40,View new car
998,Retha Brotherwood,78,Female,821-412-9048,102,5/1/2025 10:38,5/1/2025 05:43,Paperwork
999,Caprice Kimmince,32,Female,110-617-6256,103,5/1/2025 22:59,5/1/2025 22:53,Service
1000,Stacia Beton,73,Female,940-472-4322,104,5/1/2025 16:55,5/1/2025 19:46,View new car
